{
  "type": "FeatureCollection",
  "name": "FD_Digital_20260303shp",
  "bbox": [
    101.3835573,
    2.8504786,
    101.4403558,
    2.9066966
  ],
  "features": [
    {
      "type": "Feature",
      "properties": {
        "field_gis": "P02D1",
        "field_no": "02D1",
        "field_sem": "E06302D1",
        "estate": "Ldg Digital",
        "division": "DIVISION B",
        "field_type": "OP-MATURE",
        "ha_gis": 40.9395
      },
      "geometry": {
        "type": "MultiPolygon",
        "coordinates": [
          [
            [
              [
                101.4270872,
                2.867127
              ],
              [
                101.4266746,
                2.8671188
              ],
              [
                101.4270857,
                2.8671663
              ],
              [
                101.4269912,
                2.8670221
              ],
              [
                101.4267502,
                2.8672216
              ],
              [
                101.4268364,
                2.8672703
              ],
              [
                101.4269858,
                2.8672601
              ],
              [
                101.4269723,
                2.866984
              ],
              [
                101.4269574,
                2.8671431
              ],
              [
                101.4267984,
                2.8671025
              ],
              [
                101.4271837,
                2.8670136
              ],
              [
                101.427503,
                2.8666205
              ],
              [
                101.4274515,
                2.86643
              ],
              [
                101.4278711,
                2.8664522
              ],
              [
                101.4275921,
                2.8663227
              ],
              [
                101.427759,
                2.8664723
              ],
              [
                101.4280117,
                2.8666138
              ],
              [
                101.4277035,
                2.8663851
              ],
              [
                101.4278984,
                2.866499
              ],
              [
                101.4280069,
                2.8664372
              ],
              [
                101.4282375,
                2.8664361
              ],
              [
                101.4279223,
                2.8662985
              ],
              [
                101.4279725,
                2.8664039
              ],
              [
                101.4283485,
                2.8665141
              ],
              [
                101.4283881,
                2.8663455
              ],
              [
                101.4284289,
                2.8662728
              ],
              [
                101.4289763,
                2.8667828
              ],
              [
                101.4299291,
                2.8673054
              ],
              [
                101.4297226,
                2.8673722
              ],
              [
                101.4295778,
                2.8670737
              ],
              [
                101.4294367,
                2.8673186
              ],
              [
                101.4280775,
                2.8671807
              ],
              [
                101.4266672,
                2.8672151
              ],
              [
                101.4270657,
                2.8672729
              ]
            ]
          ],
          [
            [
              [
                101.434302,
                2.8669775
              ],
              [
                101.4335072,
                2.8673138
              ],
              [
                101.4303901,
                2.8670411
              ],
              [
                101.4288825,
                2.8664008
              ],
              [
                101.4289004,
                2.866294
              ],
              [
                101.4290545,
                2.8659211
              ],
              [
                101.4289609,
                2.8661572
              ],
              [
                101.4287726,
                2.865991
              ],
              [
                101.4287655,
                2.8658002
              ],
              [
                101.4290215,
                2.8657373
              ],
              [
                101.4291614,
                2.8656416
              ],
              [
                101.4289522,
                2.8660211
              ],
              [
                101.4288137,
                2.8657973
              ],
              [
                101.4290185,
                2.8657024
              ],
              [
                101.4291929,
                2.8657991
              ],
              [
                101.4292976,
                2.8656984
              ],
              [
                101.4294796,
                2.8657952
              ],
              [
                101.4300788,
                2.8656165
              ],
              [
                101.4301185,
                2.8655263
              ],
              [
                101.4304774,
                2.8655193
              ],
              [
                101.4305532,
                2.8652733
              ],
              [
                101.4305889,
                2.8650995
              ],
              [
                101.4309494,
                2.8651653
              ],
              [
                101.4313545,
                2.8651631
              ],
              [
                101.4312721,
                2.8651356
              ],
              [
                101.4314158,
                2.8651842
              ],
              [
                101.4312463,
                2.8651012
              ],
              [
                101.4312662,
                2.8652017
              ],
              [
                101.4323694,
                2.8647287
              ],
              [
                101.4323551,
                2.8648016
              ],
              [
                101.4324699,
                2.8647213
              ],
              [
                101.4324042,
                2.8646959
              ],
              [
                101.4326818,
                2.8644692
              ],
              [
                101.4326779,
                2.864476
              ],
              [
                101.4333366,
                2.8651646
              ],
              [
                101.4334482,
                2.8650865
              ],
              [
                101.4336915,
                2.8653247
              ],
              [
                101.4334883,
                2.8651245
              ],
              [
                101.4334401,
                2.8658139
              ],
              [
                101.4337611,
                2.8658543
              ],
              [
                101.4338922,
                2.8658566
              ],
              [
                101.4343412,
                2.8661036
              ],
              [
                101.4339977,
                2.8661778
              ],
              [
                101.4352628,
                2.8651973
              ],
              [
                101.435895,
                2.8649038
              ],
              [
                101.4362677,
                2.8645252
              ],
              [
                101.436276,
                2.8646445
              ],
              [
                101.4362715,
                2.8649727
              ],
              [
                101.4367209,
                2.8650185
              ],
              [
                101.4367104,
                2.8650805
              ],
              [
                101.4368353,
                2.8652357
              ],
              [
                101.4367239,
                2.8649958
              ],
              [
                101.437067,
                2.8649794
              ],
              [
                101.438661,
                2.8639843
              ],
              [
                101.4402665,
                2.8631861
              ],
              [
                101.440342,
                2.8634694
              ],
              [
                101.4403558,
                2.8633552
              ],
              [
                101.4400424,
                2.8636515
              ],
              [
                101.4399175,
                2.8634039
              ],
              [
                101.4398884,
                2.8633859
              ],
              [
                101.4400532,
                2.8637062
              ],
              [
                101.4400305,
                2.8636008
              ],
              [
                101.4388575,
                2.8643052
              ],
              [
                101.4385409,
                2.8646103
              ],
              [
                101.4372366,
                2.8652123
              ],
              [
                101.4369389,
                2.8651519
              ],
              [
                101.4355012,
                2.8661725
              ],
              [
                101.4344129,
                2.8666877
              ],
              [
                101.4343573,
                2.8667869
              ]
            ]
          ],
          [
            [
              [
                101.4331143,
                2.8674994
              ],
              [
                101.4327072,
                2.8679067
              ],
              [
                101.4318017,
                2.8683905
              ],
              [
                101.4316895,
                2.86831
              ],
              [
                101.4314513,
                2.8683596
              ],
              [
                101.4303333,
                2.8675469
              ],
              [
                101.4333789,
                2.8673034
              ],
              [
                101.4329761,
                2.8676641
              ]
            ]
          ],
          [
            [
              [
                101.4299045,
                2.8672773
              ],
              [
                101.4315374,
                2.8681761
              ],
              [
                101.4315008,
                2.8683784
              ],
              [
                101.4311572,
                2.8683482
              ],
              [
                101.431264,
                2.8683801
              ],
              [
                101.4307254,
                2.868211
              ],
              [
                101.4305813,
                2.8679937
              ],
              [
                101.4301528,
                2.8680629
              ],
              [
                101.42977,
                2.8675793
              ],
              [
                101.4286731,
                2.8677324
              ],
              [
                101.427717,
                2.8673907
              ],
              [
                101.4269224,
                2.867413
              ],
              [
                101.4282446,
                2.8676115
              ],
              [
                101.429825,
                2.8673328
              ],
              [
                101.4301527,
                2.8673262
              ]
            ]
          ],
          [
            [
              [
                101.4310808,
                2.8689012
              ],
              [
                101.430372,
                2.8691648
              ],
              [
                101.4297736,
                2.8690015
              ],
              [
                101.4295512,
                2.8690967
              ],
              [
                101.4305005,
                2.868687
              ],
              [
                101.4308683,
                2.8691424
              ],
              [
                101.4308731,
                2.8691195
              ]
            ]
          ],
          [
            [
              [
                101.4268087,
                2.8679423
              ],
              [
                101.4278788,
                2.8678817
              ],
              [
                101.4282109,
                2.8678583
              ],
              [
                101.4284301,
                2.8682369
              ],
              [
                101.429247,
                2.8682687
              ],
              [
                101.4297056,
                2.8682878
              ],
              [
                101.430232,
                2.8685582
              ],
              [
                101.4304413,
                2.8685153
              ],
              [
                101.4302465,
                2.8686759
              ],
              [
                101.4303453,
                2.8685512
              ],
              [
                101.4296523,
                2.8687007
              ],
              [
                101.4289805,
                2.8690135
              ],
              [
                101.4282716,
                2.8693028
              ],
              [
                101.4273657,
                2.8694782
              ],
              [
                101.4274587,
                2.8692809
              ],
              [
                101.4267906,
                2.8694209
              ],
              [
                101.4263097,
                2.8696096
              ],
              [
                101.4257635,
                2.8696739
              ],
              [
                101.4260374,
                2.8695044
              ],
              [
                101.4255214,
                2.8694314
              ],
              [
                101.4250822,
                2.8696466
              ],
              [
                101.4253399,
                2.8696769
              ],
              [
                101.4242182,
                2.8699765
              ],
              [
                101.4241117,
                2.8695791
              ],
              [
                101.424065,
                2.8697926
              ],
              [
                101.4239805,
                2.8698046
              ],
              [
                101.4238291,
                2.8699198
              ],
              [
                101.4236236,
                2.8697723
              ],
              [
                101.4236898,
                2.8699545
              ],
              [
                101.4236276,
                2.869728
              ],
              [
                101.4237022,
                2.8699725
              ],
              [
                101.4237866,
                2.8696023
              ],
              [
                101.4238885,
                2.8699346
              ],
              [
                101.4239156,
                2.8698888
              ],
              [
                101.4235295,
                2.8696039
              ],
              [
                101.4235854,
                2.8692803
              ],
              [
                101.4235444,
                2.8690453
              ],
              [
                101.4235101,
                2.8690764
              ],
              [
                101.4232552,
                2.8691574
              ],
              [
                101.4234402,
                2.8692516
              ],
              [
                101.4234378,
                2.8689439
              ],
              [
                101.4235574,
                2.8691933
              ],
              [
                101.4234285,
                2.8691687
              ],
              [
                101.4233234,
                2.8691532
              ],
              [
                101.4233393,
                2.8690213
              ],
              [
                101.423481,
                2.8692463
              ],
              [
                101.4235255,
                2.869084
              ],
              [
                101.4235557,
                2.8691322
              ],
              [
                101.4233852,
                2.8691549
              ],
              [
                101.4235219,
                2.8688075
              ],
              [
                101.4234661,
                2.8687296
              ],
              [
                101.4237757,
                2.868725
              ],
              [
                101.4235963,
                2.8688253
              ],
              [
                101.4238148,
                2.8689255
              ],
              [
                101.4236163,
                2.8687675
              ],
              [
                101.4239287,
                2.8687511
              ],
              [
                101.4237882,
                2.8686225
              ],
              [
                101.423807,
                2.8683645
              ],
              [
                101.4239668,
                2.8683279
              ],
              [
                101.424152,
                2.8683648
              ],
              [
                101.4241845,
                2.8684242
              ],
              [
                101.4242121,
                2.8682434
              ],
              [
                101.4241644,
                2.8683007
              ],
              [
                101.4240518,
                2.8679673
              ],
              [
                101.4241529,
                2.868314
              ],
              [
                101.4244126,
                2.8680811
              ],
              [
                101.4244962,
                2.8680796
              ],
              [
                101.4244739,
                2.8682017
              ],
              [
                101.4241181,
                2.8682871
              ],
              [
                101.424273,
                2.8679088
              ],
              [
                101.4243614,
                2.8681012
              ],
              [
                101.4245486,
                2.8681403
              ],
              [
                101.4245752,
                2.8680539
              ],
              [
                101.4248504,
                2.8680822
              ],
              [
                101.4248299,
                2.8678594
              ],
              [
                101.4248303,
                2.8681108
              ],
              [
                101.4251583,
                2.8680778
              ],
              [
                101.4254361,
                2.8679428
              ],
              [
                101.4256304,
                2.8681007
              ],
              [
                101.4270296,
                2.8679556
              ]
            ]
          ]
        ]
      }
    },
    {
      "type": "Feature",
      "properties": {
        "field_gis": "P05C1",
        "field_no": "05C1",
        "field_sem": "E06305C1",
        "estate": "Ldg Digital",
        "division": "DIVISION B",
        "field_type": "OP-MATURE",
        "ha_gis": 46.8695
      },
      "geometry": {
        "type": "MultiPolygon",
        "coordinates": [
          [
            [
              [
                101.4238398,
                2.8505506
              ],
              [
                101.4238283,
                2.8527755
              ],
              [
                101.4236115,
                2.8528071
              ],
              [
                101.4236112,
                2.8527459
              ],
              [
                101.4237588,
                2.8527488
              ],
              [
                101.4236623,
                2.8524207
              ],
              [
                101.4238316,
                2.8513752
              ],
              [
                101.4238513,
                2.8506506
              ],
              [
                101.4235589,
                2.8504786
              ],
              [
                101.4236432,
                2.8507574
              ]
            ]
          ],
          [
            [
              [
                101.4233454,
                2.8530201
              ],
              [
                101.4238818,
                2.8533605
              ],
              [
                101.4238097,
                2.8533232
              ],
              [
                101.4235631,
                2.8531896
              ],
              [
                101.4238019,
                2.8535843
              ],
              [
                101.4239417,
                2.8537335
              ],
              [
                101.4237186,
                2.8540475
              ],
              [
                101.4237816,
                2.8538924
              ],
              [
                101.4235531,
                2.8541621
              ],
              [
                101.4236817,
                2.8551298
              ],
              [
                101.4236443,
                2.855771
              ],
              [
                101.4234421,
                2.8571213
              ],
              [
                101.42341,
                2.8575705
              ],
              [
                101.423716,
                2.8583103
              ],
              [
                101.4233803,
                2.8589849
              ],
              [
                101.4236255,
                2.8596208
              ],
              [
                101.4236389,
                2.8597026
              ],
              [
                101.4234802,
                2.8602097
              ],
              [
                101.4233584,
                2.860229
              ],
              [
                101.4236234,
                2.8603882
              ],
              [
                101.423371,
                2.8603757
              ],
              [
                101.4229144,
                2.8605635
              ],
              [
                101.4231357,
                2.8604804
              ],
              [
                101.4229239,
                2.8604599
              ],
              [
                101.4230998,
                2.8612829
              ],
              [
                101.4231291,
                2.8610677
              ],
              [
                101.4230623,
                2.8611503
              ],
              [
                101.4222206,
                2.860711
              ],
              [
                101.42232,
                2.8603943
              ],
              [
                101.4222535,
                2.8606462
              ],
              [
                101.4207626,
                2.8585217
              ],
              [
                101.4205563,
                2.858541
              ],
              [
                101.4205886,
                2.8585457
              ],
              [
                101.4202031,
                2.8584957
              ],
              [
                101.420149,
                2.8581524
              ],
              [
                101.4199062,
                2.8578227
              ],
              [
                101.4190943,
                2.8571891
              ],
              [
                101.4192712,
                2.8569705
              ],
              [
                101.4189602,
                2.8567684
              ],
              [
                101.4194433,
                2.8564026
              ],
              [
                101.4191781,
                2.8568176
              ],
              [
                101.4193938,
                2.8566432
              ],
              [
                101.4196588,
                2.856402
              ],
              [
                101.4196515,
                2.8564657
              ],
              [
                101.4197826,
                2.8563033
              ],
              [
                101.4198589,
                2.8562344
              ],
              [
                101.4198089,
                2.8561475
              ],
              [
                101.4198686,
                2.8560964
              ],
              [
                101.4199013,
                2.8558254
              ],
              [
                101.4201211,
                2.8558861
              ],
              [
                101.4201686,
                2.8551622
              ],
              [
                101.4200326,
                2.8550385
              ],
              [
                101.4201527,
                2.8550316
              ],
              [
                101.4204027,
                2.8539147
              ],
              [
                101.4206503,
                2.853608
              ],
              [
                101.4206271,
                2.8537591
              ],
              [
                101.4208047,
                2.8533701
              ],
              [
                101.4204667,
                2.8534608
              ],
              [
                101.4208785,
                2.8535428
              ],
              [
                101.4209146,
                2.8532596
              ],
              [
                101.4205285,
                2.8533137
              ],
              [
                101.4206818,
                2.8534759
              ],
              [
                101.4205585,
                2.8531613
              ],
              [
                101.4208359,
                2.8530836
              ],
              [
                101.4208064,
                2.85312
              ],
              [
                101.4208694,
                2.8530808
              ],
              [
                101.4210309,
                2.8533577
              ],
              [
                101.4207927,
                2.8530041
              ],
              [
                101.4209136,
                2.8523893
              ],
              [
                101.4208669,
                2.8527597
              ],
              [
                101.4207674,
                2.8525212
              ],
              [
                101.4208301,
                2.8525481
              ],
              [
                101.4210514,
                2.8524172
              ],
              [
                101.4212692,
                2.8516333
              ],
              [
                101.4213377,
                2.8513451
              ],
              [
                101.4223322,
                2.8505622
              ],
              [
                101.4235762,
                2.8508635
              ],
              [
                101.4236474,
                2.8529482
              ],
              [
                101.4236863,
                2.8529451
              ],
              [
                101.423574,
                2.8528088
              ],
              [
                101.4235573,
                2.8531042
              ],
              [
                101.4232999,
                2.8530361
              ],
              [
                101.4235523,
                2.8532031
              ],
              [
                101.4236903,
                2.8532953
              ]
            ]
          ]
        ]
      }
    },
    {
      "type": "Feature",
      "properties": {
        "field_gis": "P06B",
        "field_no": "P06B",
        "field_sem": "E063P06B",
        "estate": "Ldg Digital",
        "division": "DIVISION B",
        "field_type": "OP-MATURE",
        "ha_gis": 74.9819
      },
      "geometry": {
        "type": "MultiPolygon",
        "coordinates": [
          [
            [
              [
                101.422452,
                2.8803076
              ],
              [
                101.4225935,
                2.8805199
              ],
              [
                101.422578,
                2.8806488
              ],
              [
                101.4224837,
                2.8808205
              ],
              [
                101.4222952,
                2.8808597
              ],
              [
                101.4220978,
                2.8812506
              ],
              [
                101.4221594,
                2.8813974
              ],
              [
                101.4222655,
                2.8814253
              ],
              [
                101.4223314,
                2.8815822
              ],
              [
                101.4220181,
                2.8815615
              ],
              [
                101.4222749,
                2.8814759
              ],
              [
                101.421966,
                2.8816064
              ],
              [
                101.4220556,
                2.881652
              ],
              [
                101.422096,
                2.8815314
              ],
              [
                101.4221329,
                2.8819451
              ],
              [
                101.4218119,
                2.8816662
              ],
              [
                101.4221158,
                2.8817339
              ],
              [
                101.422055,
                2.8818201
              ],
              [
                101.4216933,
                2.8817325
              ],
              [
                101.4218968,
                2.8820348
              ],
              [
                101.4217818,
                2.8821165
              ],
              [
                101.421685,
                2.8821447
              ],
              [
                101.4216947,
                2.8822718
              ],
              [
                101.4213485,
                2.8823485
              ],
              [
                101.4214724,
                2.882682
              ],
              [
                101.4212816,
                2.8826837
              ],
              [
                101.4209835,
                2.8827173
              ],
              [
                101.4212092,
                2.883065
              ],
              [
                101.4209464,
                2.8832235
              ],
              [
                101.4210003,
                2.8832121
              ],
              [
                101.420991,
                2.8832815
              ],
              [
                101.4213052,
                2.883098
              ],
              [
                101.421374,
                2.8832124
              ],
              [
                101.4211393,
                2.8831497
              ],
              [
                101.4211135,
                2.8833742
              ],
              [
                101.4211522,
                2.8831098
              ],
              [
                101.4213852,
                2.8833274
              ],
              [
                101.421169,
                2.883564
              ],
              [
                101.4211797,
                2.8833593
              ],
              [
                101.4211048,
                2.8834562
              ],
              [
                101.4209577,
                2.8837363
              ],
              [
                101.4205901,
                2.8837737
              ],
              [
                101.4209063,
                2.8840305
              ],
              [
                101.4206565,
                2.8840267
              ],
              [
                101.420472,
                2.8843156
              ],
              [
                101.4202297,
                2.8849251
              ],
              [
                101.4198239,
                2.8850636
              ],
              [
                101.4197874,
                2.885116
              ],
              [
                101.4198082,
                2.885128
              ],
              [
                101.419738,
                2.8850945
              ],
              [
                101.4199249,
                2.8851565
              ],
              [
                101.4195748,
                2.8852717
              ],
              [
                101.4192147,
                2.8852711
              ],
              [
                101.4190627,
                2.8849119
              ],
              [
                101.4184723,
                2.8849307
              ],
              [
                101.4184865,
                2.8849158
              ],
              [
                101.4181445,
                2.8850722
              ],
              [
                101.4174781,
                2.8851202
              ],
              [
                101.4175508,
                2.8851415
              ],
              [
                101.4174272,
                2.8853279
              ],
              [
                101.4175114,
                2.8852936
              ],
              [
                101.4175091,
                2.8851682
              ],
              [
                101.4172988,
                2.8848944
              ],
              [
                101.4172018,
                2.8849383
              ],
              [
                101.4177403,
                2.8847309
              ],
              [
                101.4177558,
                2.8843562
              ],
              [
                101.4178633,
                2.8844504
              ],
              [
                101.4178256,
                2.884299
              ],
              [
                101.4185464,
                2.8826402
              ],
              [
                101.4186943,
                2.8826859
              ],
              [
                101.419075,
                2.881469
              ],
              [
                101.4195456,
                2.881442
              ],
              [
                101.4197884,
                2.8808884
              ],
              [
                101.4195793,
                2.8809324
              ],
              [
                101.4202026,
                2.8796233
              ],
              [
                101.4202069,
                2.8799612
              ],
              [
                101.421,
                2.8789413
              ],
              [
                101.4208396,
                2.8785923
              ],
              [
                101.4212414,
                2.878693
              ],
              [
                101.4210082,
                2.8787908
              ],
              [
                101.4210966,
                2.8783579
              ],
              [
                101.4218927,
                2.877616
              ],
              [
                101.4215897,
                2.8773077
              ],
              [
                101.4219372,
                2.8773007
              ],
              [
                101.4218308,
                2.8775526
              ],
              [
                101.4218743,
                2.8773163
              ],
              [
                101.4218553,
                2.8775302
              ],
              [
                101.4220564,
                2.8776763
              ],
              [
                101.4222015,
                2.8774688
              ],
              [
                101.4222833,
                2.8777105
              ],
              [
                101.4222205,
                2.8775907
              ],
              [
                101.42189,
                2.8775608
              ],
              [
                101.4222226,
                2.8775798
              ],
              [
                101.421947,
                2.8774238
              ],
              [
                101.4227417,
                2.8774795
              ],
              [
                101.4229666,
                2.8778353
              ],
              [
                101.422892,
                2.8779152
              ],
              [
                101.4231799,
                2.877908
              ],
              [
                101.423245,
                2.8779468
              ],
              [
                101.4230272,
                2.8777401
              ],
              [
                101.4229982,
                2.8776308
              ],
              [
                101.4229956,
                2.8780447
              ],
              [
                101.4230122,
                2.8777228
              ],
              [
                101.4230278,
                2.8782901
              ],
              [
                101.4229849,
                2.8781068
              ],
              [
                101.4227752,
                2.8786435
              ],
              [
                101.4229214,
                2.8787161
              ],
              [
                101.4230449,
                2.8789849
              ],
              [
                101.4230723,
                2.8790803
              ],
              [
                101.4228004,
                2.8791675
              ],
              [
                101.4226157,
                2.8790586
              ],
              [
                101.4227841,
                2.8796108
              ],
              [
                101.4226954,
                2.8793707
              ],
              [
                101.4226003,
                2.8794525
              ],
              [
                101.4228706,
                2.8796925
              ],
              [
                101.4227742,
                2.8799436
              ],
              [
                101.4224709,
                2.8798747
              ],
              [
                101.4224846,
                2.8798282
              ],
              [
                101.4222855,
                2.8804997
              ]
            ]
          ],
          [
            [
              [
                101.4184564,
                2.8855383
              ],
              [
                101.4190333,
                2.885743
              ],
              [
                101.4191285,
                2.8855902
              ],
              [
                101.4191305,
                2.8855003
              ],
              [
                101.4191621,
                2.8858117
              ],
              [
                101.4187977,
                2.8857872
              ],
              [
                101.4185358,
                2.8860301
              ],
              [
                101.4185009,
                2.886271
              ],
              [
                101.4183624,
                2.8865188
              ],
              [
                101.4179747,
                2.8866308
              ],
              [
                101.4175188,
                2.8874412
              ],
              [
                101.4169125,
                2.8879718
              ],
              [
                101.4170588,
                2.8878038
              ],
              [
                101.41729,
                2.8880469
              ],
              [
                101.416985,
                2.8879387
              ],
              [
                101.4172915,
                2.8868024
              ],
              [
                101.4172701,
                2.8856008
              ],
              [
                101.4171922,
                2.8856637
              ],
              [
                101.4171622,
                2.8856979
              ],
              [
                101.4168826,
                2.8854657
              ],
              [
                101.4170554,
                2.8854007
              ],
              [
                101.4172785,
                2.8854956
              ],
              [
                101.4185103,
                2.885477
              ]
            ]
          ],
          [
            [
              [
                101.4176398,
                2.8931774
              ],
              [
                101.4173086,
                2.8931581
              ],
              [
                101.4171751,
                2.8932423
              ],
              [
                101.417281,
                2.8930071
              ],
              [
                101.4175369,
                2.8929637
              ],
              [
                101.4169452,
                2.8931515
              ],
              [
                101.4169775,
                2.8931017
              ],
              [
                101.4171748,
                2.8930937
              ],
              [
                101.4171208,
                2.8932377
              ],
              [
                101.4169265,
                2.8932052
              ],
              [
                101.4170988,
                2.8932295
              ],
              [
                101.417283,
                2.8929852
              ],
              [
                101.4169052,
                2.8919947
              ],
              [
                101.4171125,
                2.8919066
              ],
              [
                101.4169043,
                2.891507
              ],
              [
                101.4168512,
                2.8912755
              ],
              [
                101.4172451,
                2.8910863
              ],
              [
                101.4169238,
                2.8908607
              ],
              [
                101.4172184,
                2.8907374
              ],
              [
                101.417237,
                2.8908162
              ],
              [
                101.4170098,
                2.8909715
              ],
              [
                101.4169445,
                2.8907502
              ],
              [
                101.4169732,
                2.8907887
              ],
              [
                101.4172237,
                2.8907677
              ],
              [
                101.4172487,
                2.8908149
              ],
              [
                101.4173201,
                2.8911764
              ],
              [
                101.4172861,
                2.8913607
              ],
              [
                101.417405,
                2.8917253
              ],
              [
                101.4174836,
                2.8920353
              ],
              [
                101.4171855,
                2.8924288
              ],
              [
                101.4175824,
                2.8923182
              ],
              [
                101.417691,
                2.8929591
              ],
              [
                101.4176201,
                2.8930552
              ],
              [
                101.4176766,
                2.8930537
              ],
              [
                101.4175659,
                2.8932921
              ],
              [
                101.4176272,
                2.8931545
              ],
              [
                101.4174332,
                2.8933013
              ],
              [
                101.4176386,
                2.8931806
              ]
            ]
          ],
          [
            [
              [
                101.4230636,
                2.9011776
              ],
              [
                101.4231292,
                2.901364
              ],
              [
                101.422479,
                2.9015022
              ],
              [
                101.4226035,
                2.9011615
              ],
              [
                101.4223471,
                2.9014222
              ],
              [
                101.4225445,
                2.9014519
              ],
              [
                101.4221556,
                2.9014858
              ],
              [
                101.4220967,
                2.901366
              ],
              [
                101.4221652,
                2.9012901
              ],
              [
                101.422337,
                2.9013584
              ],
              [
                101.421972,
                2.9010909
              ],
              [
                101.4221507,
                2.901336
              ],
              [
                101.4218893,
                2.9013822
              ],
              [
                101.4216063,
                2.9013926
              ],
              [
                101.4215476,
                2.9014557
              ],
              [
                101.4216441,
                2.9012787
              ],
              [
                101.4215637,
                2.9014677
              ],
              [
                101.4217699,
                2.9013568
              ],
              [
                101.4217219,
                2.9011256
              ],
              [
                101.4216112,
                2.9012291
              ],
              [
                101.4217575,
                2.9014827
              ],
              [
                101.4217033,
                2.9012833
              ],
              [
                101.4215881,
                2.9012926
              ],
              [
                101.4215401,
                2.9012559
              ],
              [
                101.4215704,
                2.9013263
              ],
              [
                101.4217635,
                2.9014165
              ],
              [
                101.4215591,
                2.9013019
              ],
              [
                101.4214033,
                2.9015039
              ],
              [
                101.4212318,
                2.9012721
              ],
              [
                101.4210131,
                2.9014386
              ],
              [
                101.4204073,
                2.9014869
              ],
              [
                101.4198654,
                2.9013881
              ],
              [
                101.4195604,
                2.9011359
              ],
              [
                101.4191651,
                2.9014798
              ],
              [
                101.4182742,
                2.9011953
              ],
              [
                101.4175827,
                2.9015164
              ],
              [
                101.4167665,
                2.9011548
              ],
              [
                101.4169987,
                2.9011725
              ],
              [
                101.4170444,
                2.9012155
              ],
              [
                101.4167868,
                2.9010721
              ],
              [
                101.4171919,
                2.9011855
              ],
              [
                101.4167763,
                2.9013209
              ],
              [
                101.4167937,
                2.9010027
              ],
              [
                101.4169312,
                2.9010532
              ],
              [
                101.4169521,
                2.9012898
              ],
              [
                101.4171467,
                2.901079
              ],
              [
                101.416979,
                2.9010909
              ],
              [
                101.4169495,
                2.9008127
              ],
              [
                101.4167789,
                2.9008262
              ],
              [
                101.4168061,
                2.9009622
              ],
              [
                101.4171051,
                2.9007059
              ],
              [
                101.4167773,
                2.9008282
              ],
              [
                101.4170907,
                2.9006641
              ],
              [
                101.4169138,
                2.9009957
              ],
              [
                101.4170221,
                2.900972
              ],
              [
                101.4169056,
                2.9008121
              ],
              [
                101.416794,
                2.9006843
              ],
              [
                101.4171523,
                2.9005612
              ],
              [
                101.4168816,
                2.9005397
              ],
              [
                101.4171199,
                2.9006929
              ],
              [
                101.4168122,
                2.9004551
              ],
              [
                101.417038,
                2.9005458
              ],
              [
                101.417039,
                2.9006557
              ],
              [
                101.4170421,
                2.9004518
              ],
              [
                101.4168541,
                2.9004184
              ],
              [
                101.4170347,
                2.9003251
              ],
              [
                101.4171138,
                2.9004878
              ],
              [
                101.417092,
                2.9004534
              ],
              [
                101.417186,
                2.900656
              ],
              [
                101.4171451,
                2.9002699
              ],
              [
                101.4167604,
                2.900234
              ],
              [
                101.416975,
                2.9004917
              ],
              [
                101.4169086,
                2.9002861
              ],
              [
                101.4169291,
                2.9001214
              ],
              [
                101.4169224,
                2.9001852
              ],
              [
                101.4170497,
                2.9000667
              ],
              [
                101.4169599,
                2.9003681
              ],
              [
                101.4167892,
                2.9003034
              ],
              [
                101.4168599,
                2.9003065
              ],
              [
                101.4168593,
                2.9001997
              ],
              [
                101.4171017,
                2.9001217
              ],
              [
                101.4169839,
                2.9002642
              ],
              [
                101.417177,
                2.9001049
              ],
              [
                101.4169844,
                2.8999925
              ],
              [
                101.4170165,
                2.9001841
              ],
              [
                101.4170584,
                2.899924
              ],
              [
                101.4167586,
                2.8998576
              ],
              [
                101.416901,
                2.8997365
              ],
              [
                101.4168423,
                2.8999068
              ],
              [
                101.4168564,
                2.8999363
              ],
              [
                101.4171205,
                2.8997295
              ],
              [
                101.4168173,
                2.8999914
              ],
              [
                101.4168438,
                2.8996762
              ],
              [
                101.4169268,
                2.8995429
              ],
              [
                101.41689,
                2.8996725
              ],
              [
                101.4168843,
                2.8964488
              ],
              [
                101.4167442,
                2.8960226
              ],
              [
                101.4167215,
                2.8950876
              ],
              [
                101.4169119,
                2.8945123
              ],
              [
                101.4169027,
                2.8937378
              ],
              [
                101.4171367,
                2.8939067
              ],
              [
                101.4170628,
                2.8936099
              ],
              [
                101.4170924,
                2.8935589
              ],
              [
                101.4168534,
                2.8936862
              ],
              [
                101.4171313,
                2.8938116
              ],
              [
                101.4172512,
                2.8937843
              ],
              [
                101.4172628,
                2.8937323
              ],
              [
                101.4173938,
                2.8936115
              ],
              [
                101.4176166,
                2.8937504
              ],
              [
                101.4178829,
                2.8934375
              ],
              [
                101.4182287,
                2.8937209
              ],
              [
                101.4179391,
                2.8934515
              ],
              [
                101.4179305,
                2.8937036
              ],
              [
                101.418058,
                2.8937334
              ],
              [
                101.4189259,
                2.8948413
              ],
              [
                101.4186209,
                2.8950114
              ],
              [
                101.4188032,
                2.8947971
              ],
              [
                101.4186209,
                2.8949378
              ],
              [
                101.4189119,
                2.8951015
              ],
              [
                101.4186866,
                2.8949587
              ],
              [
                101.4184449,
                2.8950373
              ],
              [
                101.4185515,
                2.8950412
              ],
              [
                101.4184094,
                2.894949
              ],
              [
                101.4183271,
                2.8952633
              ],
              [
                101.4186449,
                2.8952752
              ],
              [
                101.4184629,
                2.8951782
              ],
              [
                101.4184218,
                2.8953462
              ],
              [
                101.4184735,
                2.8954663
              ],
              [
                101.4184243,
                2.8957184
              ],
              [
                101.4182609,
                2.8954038
              ],
              [
                101.4186045,
                2.8957952
              ],
              [
                101.4185146,
                2.8958234
              ],
              [
                101.4184307,
                2.8955961
              ],
              [
                101.4184298,
                2.895875
              ],
              [
                101.4184342,
                2.8957607
              ],
              [
                101.4184737,
                2.8959278
              ],
              [
                101.4185743,
                2.8957704
              ],
              [
                101.4186287,
                2.8957958
              ],
              [
                101.418723,
                2.8961771
              ],
              [
                101.4188226,
                2.8961475
              ],
              [
                101.4185322,
                2.896354
              ],
              [
                101.4186408,
                2.8963642
              ],
              [
                101.4189239,
                2.8962056
              ],
              [
                101.4188008,
                2.896179
              ],
              [
                101.4187309,
                2.8962243
              ],
              [
                101.4190344,
                2.8963829
              ],
              [
                101.4188483,
                2.8965248
              ],
              [
                101.4189461,
                2.8963753
              ],
              [
                101.4190498,
                2.896157
              ],
              [
                101.4187727,
                2.8961524
              ],
              [
                101.418948,
                2.896439
              ],
              [
                101.4187585,
                2.8959367
              ],
              [
                101.4189686,
                2.8959076
              ],
              [
                101.4189518,
                2.8959194
              ],
              [
                101.4192043,
                2.8956606
              ],
              [
                101.4193292,
                2.8957844
              ],
              [
                101.4196071,
                2.8960188
              ],
              [
                101.4196882,
                2.8960169
              ],
              [
                101.4197088,
                2.8962071
              ],
              [
                101.419803,
                2.896505
              ],
              [
                101.41991,
                2.8964683
              ],
              [
                101.4198497,
                2.8968107
              ],
              [
                101.4201516,
                2.8968346
              ],
              [
                101.4201299,
                2.8971046
              ],
              [
                101.420133,
                2.8971265
              ],
              [
                101.4202227,
                2.8970644
              ],
              [
                101.4199864,
                2.8972003
              ],
              [
                101.4203437,
                2.8971952
              ],
              [
                101.4201946,
                2.8973135
              ],
              [
                101.4201443,
                2.8972793
              ],
              [
                101.4204234,
                2.8975602
              ],
              [
                101.4205635,
                2.8974669
              ],
              [
                101.4205832,
                2.8973996
              ],
              [
                101.4204344,
                2.897459
              ],
              [
                101.4205084,
                2.8980535
              ],
              [
                101.4206824,
                2.8979536
              ],
              [
                101.4204832,
                2.897798
              ],
              [
                101.4207273,
                2.8978298
              ],
              [
                101.4208073,
                2.8977752
              ],
              [
                101.4204092,
                2.8979466
              ],
              [
                101.4204976,
                2.8981577
              ],
              [
                101.4207149,
                2.8982842
              ],
              [
                101.4206956,
                2.8982622
              ],
              [
                101.4205585,
                2.8980654
              ],
              [
                101.4207513,
                2.8983595
              ],
              [
                101.4207327,
                2.8982907
              ],
              [
                101.4209362,
                2.8987977
              ],
              [
                101.4209955,
                2.8987147
              ],
              [
                101.4211015,
                2.8989041
              ],
              [
                101.4211418,
                2.8991804
              ],
              [
                101.4212483,
                2.8988228
              ],
              [
                101.4211334,
                2.8990051
              ],
              [
                101.4214234,
                2.8989929
              ],
              [
                101.4215018,
                2.8993395
              ],
              [
                101.4213418,
                2.8993588
              ],
              [
                101.4214541,
                2.8992509
              ],
              [
                101.4214901,
                2.8995066
              ],
              [
                101.4216153,
                2.8992388
              ],
              [
                101.4220474,
                2.8997993
              ],
              [
                101.4219135,
                2.8994532
              ],
              [
                101.4221473,
                2.8997445
              ],
              [
                101.4218213,
                2.8997844
              ],
              [
                101.4222505,
                2.899955
              ],
              [
                101.4221635,
                2.8999552
              ],
              [
                101.4221703,
                2.9002776
              ],
              [
                101.4221799,
                2.9000417
              ],
              [
                101.4222085,
                2.9004117
              ],
              [
                101.4222557,
                2.9004682
              ],
              [
                101.4222484,
                2.9004269
              ],
              [
                101.4225062,
                2.900531
              ],
              [
                101.4223909,
                2.9006413
              ],
              [
                101.4226607,
                2.9006855
              ],
              [
                101.4228022,
                2.9010502
              ],
              [
                101.4229268,
                2.9012019
              ],
              [
                101.4230146,
                2.9014941
              ],
              [
                101.4231516,
                2.9015228
              ],
              [
                101.4227953,
                2.9014261
              ],
              [
                101.4230715,
                2.9014375
              ],
              [
                101.422939,
                2.901583
              ],
              [
                101.422924,
                2.9013817
              ],
              [
                101.4229485,
                2.9012303
              ]
            ]
          ]
        ]
      }
    },
    {
      "type": "Feature",
      "properties": {
        "field_gis": "P06C",
        "field_no": "P06C",
        "field_sem": "E063P06C",
        "estate": "Ldg Digital",
        "division": "DIVISION B",
        "field_type": "OP-MATURE",
        "ha_gis": 62.4727
      },
      "geometry": {
        "type": "MultiPolygon",
        "coordinates": [
          [
            [
              [
                101.4211818,
                2.8625545
              ],
              [
                101.4212044,
                2.8624418
              ],
              [
                101.4211302,
                2.8625485
              ],
              [
                101.4212902,
                2.8625081
              ],
              [
                101.4212524,
                2.8624877
              ],
              [
                101.4216566,
                2.8624499
              ],
              [
                101.4218054,
                2.8625233
              ],
              [
                101.4218938,
                2.862363
              ],
              [
                101.4217368,
                2.862366
              ],
              [
                101.4219779,
                2.8625479
              ],
              [
                101.4217766,
                2.8630839
              ],
              [
                101.4219012,
                2.8628727
              ],
              [
                101.4219403,
                2.8628928
              ],
              [
                101.4221354,
                2.863518
              ],
              [
                101.422195,
                2.863343
              ],
              [
                101.4219927,
                2.863613
              ],
              [
                101.4220085,
                2.8636153
              ],
              [
                101.4215413,
                2.8639216
              ],
              [
                101.4213901,
                2.8641256
              ],
              [
                101.4214415,
                2.8644017
              ],
              [
                101.4213476,
                2.8642675
              ],
              [
                101.4211079,
                2.8643295
              ],
              [
                101.4210831,
                2.8645699
              ],
              [
                101.4213233,
                2.8644415
              ],
              [
                101.4210761,
                2.8644648
              ],
              [
                101.4206328,
                2.8643573
              ],
              [
                101.4206137,
                2.8644186
              ],
              [
                101.4203049,
                2.864424
              ],
              [
                101.4206215,
                2.8644694
              ],
              [
                101.4204755,
                2.8646313
              ],
              [
                101.4202802,
                2.8644931
              ],
              [
                101.4202638,
                2.8646976
              ],
              [
                101.4204162,
                2.8646699
              ],
              [
                101.4201789,
                2.8642248
              ],
              [
                101.420205,
                2.8640139
              ],
              [
                101.4201346,
                2.8642118
              ],
              [
                101.4201014,
                2.8642496
              ],
              [
                101.420266,
                2.864032
              ],
              [
                101.4200897,
                2.8641023
              ],
              [
                101.4201159,
                2.8638258
              ],
              [
                101.4203707,
                2.8637896
              ],
              [
                101.4203753,
                2.8636778
              ],
              [
                101.4201773,
                2.8638237
              ],
              [
                101.4202659,
                2.863936
              ],
              [
                101.4202602,
                2.8636009
              ],
              [
                101.4205196,
                2.863143
              ],
              [
                101.4205479,
                2.8630507
              ],
              [
                101.420447,
                2.8627031
              ],
              [
                101.4206104,
                2.863012
              ],
              [
                101.4205938,
                2.8629404
              ],
              [
                101.4205722,
                2.8626515
              ],
              [
                101.4206901,
                2.8625197
              ],
              [
                101.4203023,
                2.8625216
              ],
              [
                101.4204596,
                2.8628022
              ],
              [
                101.4205553,
                2.8625617
              ],
              [
                101.4206427,
                2.8625054
              ],
              [
                101.4204968,
                2.8623219
              ],
              [
                101.4206694,
                2.8624637
              ],
              [
                101.4207482,
                2.8622531
              ],
              [
                101.421334,
                2.862404
              ]
            ]
          ],
          [
            [
              [
                101.4176889,
                2.864136
              ],
              [
                101.4180305,
                2.8643218
              ],
              [
                101.4179969,
                2.8643853
              ],
              [
                101.4182132,
                2.8645445
              ],
              [
                101.4183609,
                2.864677
              ],
              [
                101.4179701,
                2.864682
              ],
              [
                101.4183628,
                2.8646017
              ],
              [
                101.4182897,
                2.8646899
              ],
              [
                101.4181351,
                2.864496
              ],
              [
                101.417623,
                2.8648014
              ],
              [
                101.4174468,
                2.8644818
              ],
              [
                101.4168709,
                2.8648939
              ],
              [
                101.4168454,
                2.8648362
              ],
              [
                101.4170278,
                2.8645101
              ],
              [
                101.4171125,
                2.8629844
              ],
              [
                101.4169531,
                2.863004
              ],
              [
                101.416835,
                2.8629783
              ],
              [
                101.4171685,
                2.863204
              ],
              [
                101.4175622,
                2.8629771
              ],
              [
                101.4183006,
                2.863007
              ],
              [
                101.4184424,
                2.86318
              ],
              [
                101.4184882,
                2.8630555
              ],
              [
                101.4186695,
                2.8629733
              ],
              [
                101.4184013,
                2.8618549
              ],
              [
                101.4187738,
                2.8618607
              ],
              [
                101.4184717,
                2.8618925
              ],
              [
                101.4187048,
                2.8619429
              ],
              [
                101.4184952,
                2.8620271
              ],
              [
                101.4182937,
                2.861931
              ],
              [
                101.4184749,
                2.8621125
              ],
              [
                101.4179983,
                2.8618674
              ],
              [
                101.4176897,
                2.8618481
              ],
              [
                101.4180429,
                2.8622031
              ],
              [
                101.4178447,
                2.862062
              ],
              [
                101.4179815,
                2.8619405
              ],
              [
                101.4179894,
                2.8621279
              ],
              [
                101.4177302,
                2.8622079
              ],
              [
                101.4178605,
                2.861833
              ],
              [
                101.4177912,
                2.8619364
              ],
              [
                101.4179395,
                2.8619624
              ],
              [
                101.4182035,
                2.8618306
              ],
              [
                101.4178534,
                2.861814
              ],
              [
                101.4179021,
                2.8616704
              ],
              [
                101.4183534,
                2.8616167
              ],
              [
                101.418532,
                2.8615145
              ],
              [
                101.4182262,
                2.861475
              ],
              [
                101.4184033,
                2.8612577
              ],
              [
                101.4186097,
                2.861422
              ],
              [
                101.4184219,
                2.8614283
              ],
              [
                101.4185986,
                2.8613078
              ],
              [
                101.4185577,
                2.8615557
              ],
              [
                101.418699,
                2.8614376
              ],
              [
                101.4187459,
                2.8616873
              ],
              [
                101.4188105,
                2.8619689
              ],
              [
                101.4188674,
                2.8617257
              ],
              [
                101.4189337,
                2.8617232
              ],
              [
                101.4191462,
                2.8620644
              ],
              [
                101.41885,
                2.8620075
              ],
              [
                101.4187011,
                2.8619421
              ],
              [
                101.4187416,
                2.8622267
              ],
              [
                101.4188914,
                2.8618357
              ],
              [
                101.4186337,
                2.8618973
              ],
              [
                101.4188036,
                2.8619778
              ],
              [
                101.4189595,
                2.8622388
              ],
              [
                101.4185995,
                2.8620885
              ],
              [
                101.4187212,
                2.862408
              ],
              [
                101.4185549,
                2.8625477
              ],
              [
                101.4189001,
                2.8625064
              ],
              [
                101.4188375,
                2.8628279
              ],
              [
                101.4187709,
                2.8627678
              ],
              [
                101.4188167,
                2.8629713
              ],
              [
                101.4191451,
                2.8627946
              ],
              [
                101.4188954,
                2.8629558
              ],
              [
                101.4188413,
                2.8629361
              ],
              [
                101.4192263,
                2.862808
              ],
              [
                101.4192734,
                2.8628522
              ],
              [
                101.4195021,
                2.8631437
              ],
              [
                101.4194183,
                2.8630449
              ],
              [
                101.4196544,
                2.863053
              ],
              [
                101.419427,
                2.86327
              ],
              [
                101.4192125,
                2.8631286
              ],
              [
                101.419263,
                2.8631987
              ],
              [
                101.4195111,
                2.8632506
              ],
              [
                101.4193032,
                2.8634203
              ],
              [
                101.4196253,
                2.8634644
              ],
              [
                101.4196101,
                2.8632053
              ],
              [
                101.4192982,
                2.8632825
              ],
              [
                101.4191313,
                2.8633325
              ],
              [
                101.4186681,
                2.8635881
              ],
              [
                101.4180825,
                2.8643094
              ]
            ]
          ],
          [
            [
              [
                101.4219937,
                2.874231
              ],
              [
                101.4218828,
                2.874536
              ],
              [
                101.4217662,
                2.8745461
              ],
              [
                101.4206378,
                2.8742045
              ],
              [
                101.4202582,
                2.874604
              ],
              [
                101.4203652,
                2.8742919
              ],
              [
                101.4201453,
                2.8745809
              ],
              [
                101.4204412,
                2.8744435
              ],
              [
                101.4204851,
                2.8744981
              ],
              [
                101.4199139,
                2.8744891
              ],
              [
                101.4191742,
                2.8744829
              ],
              [
                101.4189443,
                2.8745575
              ],
              [
                101.4186668,
                2.8743973
              ],
              [
                101.4186476,
                2.8742747
              ],
              [
                101.4187246,
                2.8745995
              ],
              [
                101.4184189,
                2.8742322
              ],
              [
                101.4184629,
                2.8742688
              ],
              [
                101.4185539,
                2.8742486
              ],
              [
                101.4180311,
                2.8745267
              ],
              [
                101.4176987,
                2.8743329
              ],
              [
                101.4176029,
                2.8745486
              ],
              [
                101.4174273,
                2.8741556
              ],
              [
                101.4171964,
                2.8743009
              ],
              [
                101.4170598,
                2.8743218
              ],
              [
                101.4173127,
                2.8744821
              ],
              [
                101.4171749,
                2.8743864
              ],
              [
                101.4172233,
                2.8745452
              ],
              [
                101.4172976,
                2.8742965
              ],
              [
                101.4171297,
                2.8744367
              ],
              [
                101.4170561,
                2.8745006
              ],
              [
                101.4160418,
                2.8742463
              ],
              [
                101.4161566,
                2.8745456
              ],
              [
                101.4160789,
                2.8743757
              ],
              [
                101.4158151,
                2.874273
              ],
              [
                101.4155049,
                2.8745396
              ],
              [
                101.4155587,
                2.874359
              ],
              [
                101.4141016,
                2.8743092
              ],
              [
                101.4139965,
                2.8745137
              ],
              [
                101.4139348,
                2.8743813
              ],
              [
                101.4140302,
                2.874168
              ],
              [
                101.4141056,
                2.874304
              ],
              [
                101.4142436,
                2.8740539
              ],
              [
                101.4138735,
                2.8726222
              ],
              [
                101.4139182,
                2.8719088
              ],
              [
                101.4139466,
                2.8717517
              ],
              [
                101.4139583,
                2.8717565
              ],
              [
                101.4144261,
                2.8716219
              ],
              [
                101.414718,
                2.8713608
              ],
              [
                101.4147395,
                2.8712911
              ],
              [
                101.4161044,
                2.8713544
              ],
              [
                101.4169076,
                2.8713173
              ],
              [
                101.4170968,
                2.8713453
              ],
              [
                101.4172082,
                2.8711993
              ],
              [
                101.4171739,
                2.8711244
              ],
              [
                101.4175002,
                2.8712214
              ],
              [
                101.4183049,
                2.8714646
              ],
              [
                101.4186709,
                2.8711226
              ],
              [
                101.4185872,
                2.8702923
              ],
              [
                101.4185716,
                2.870226
              ],
              [
                101.4186403,
                2.8695261
              ],
              [
                101.4184228,
                2.8689855
              ],
              [
                101.4186547,
                2.8687688
              ],
              [
                101.4187523,
                2.8683961
              ],
              [
                101.4187525,
                2.8684975
              ],
              [
                101.4184745,
                2.8680888
              ],
              [
                101.4184343,
                2.867938
              ],
              [
                101.4183635,
                2.8681441
              ],
              [
                101.4187166,
                2.8677676
              ],
              [
                101.4184011,
                2.8678707
              ],
              [
                101.4185836,
                2.8677482
              ],
              [
                101.4187026,
                2.8677723
              ],
              [
                101.4190199,
                2.8680366
              ],
              [
                101.4196566,
                2.8678987
              ],
              [
                101.4198911,
                2.8680945
              ],
              [
                101.4198287,
                2.867926
              ],
              [
                101.4200864,
                2.8681124
              ],
              [
                101.4200146,
                2.8677508
              ],
              [
                101.4202562,
                2.8680736
              ],
              [
                101.4202177,
                2.8680698
              ],
              [
                101.4201827,
                2.8679384
              ],
              [
                101.420259,
                2.8683992
              ],
              [
                101.4203332,
                2.8688111
              ],
              [
                101.4201615,
                2.8696699
              ],
              [
                101.4201257,
                2.8695109
              ],
              [
                101.4203217,
                2.8699
              ],
              [
                101.4202138,
                2.8713311
              ],
              [
                101.420158,
                2.8714232
              ],
              [
                101.4202552,
                2.8711779
              ],
              [
                101.420193,
                2.8713098
              ],
              [
                101.4205203,
                2.871113
              ],
              [
                101.4208222,
                2.8712256
              ],
              [
                101.4209691,
                2.8714041
              ],
              [
                101.4216373,
                2.8714101
              ],
              [
                101.4222491,
                2.871497
              ],
              [
                101.4223223,
                2.8714709
              ],
              [
                101.422327,
                2.8713314
              ],
              [
                101.4223927,
                2.8712014
              ],
              [
                101.4223062,
                2.871189
              ],
              [
                101.422495,
                2.8714698
              ],
              [
                101.4233977,
                2.8722511
              ],
              [
                101.4235817,
                2.8730309
              ],
              [
                101.4237441,
                2.8731117
              ],
              [
                101.4236064,
                2.8736863
              ],
              [
                101.4238325,
                2.8738332
              ],
              [
                101.4233491,
                2.8735766
              ],
              [
                101.4222306,
                2.8741902
              ],
              [
                101.4223749,
                2.874216
              ],
              [
                101.4222754,
                2.8741582
              ],
              [
                101.4223812,
                2.8739046
              ],
              [
                101.422529,
                2.8739593
              ],
              [
                101.4224965,
                2.8738494
              ],
              [
                101.422332,
                2.8741257
              ],
              [
                101.4226375,
                2.8737147
              ],
              [
                101.4222288,
                2.8738453
              ],
              [
                101.4224034,
                2.8738599
              ],
              [
                101.4224466,
                2.8737101
              ],
              [
                101.4224393,
                2.8735896
              ],
              [
                101.4222614,
                2.8738834
              ],
              [
                101.4223409,
                2.8738124
              ],
              [
                101.4222512,
                2.8734696
              ],
              [
                101.4224169,
                2.8737091
              ],
              [
                101.4220527,
                2.8737712
              ],
              [
                101.4222711,
                2.8737065
              ],
              [
                101.4223238,
                2.8734848
              ],
              [
                101.4224207,
                2.8737585
              ],
              [
                101.4221158,
                2.8735234
              ],
              [
                101.4220964,
                2.873781
              ],
              [
                101.4219505,
                2.8736882
              ],
              [
                101.4219703,
                2.8740463
              ],
              [
                101.4221076,
                2.873889
              ],
              [
                101.4222574,
                2.8740716
              ],
              [
                101.42219,
                2.8739666
              ],
              [
                101.422078,
                2.873859
              ],
              [
                101.4220979,
                2.8741125
              ],
              [
                101.4220623,
                2.8741262
              ],
              [
                101.4221087,
                2.8743569
              ],
              [
                101.4224012,
                2.8741551
              ],
              [
                101.4222582,
                2.874134
              ],
              [
                101.4224215,
                2.8742208
              ],
              [
                101.4220731,
                2.8743749
              ],
              [
                101.4219321,
                2.8744672
              ],
              [
                101.4219604,
                2.8743038
              ],
              [
                101.4217293,
                2.8742482
              ]
            ]
          ]
        ]
      }
    },
    {
      "type": "Feature",
      "properties": {
        "field_gis": "P07B1",
        "field_no": "07B1",
        "field_sem": "E06307B1",
        "estate": "Ldg Digital",
        "division": "DIVISION B",
        "field_type": "OP-MATURE",
        "ha_gis": 64.0017
      },
      "geometry": {
        "type": "MultiPolygon",
        "coordinates": [
          [
            [
              [
                101.4073186,
                2.8935902
              ],
              [
                101.4069719,
                2.893534
              ],
              [
                101.4068199,
                2.8935431
              ],
              [
                101.4067843,
                2.8934982
              ],
              [
                101.4066981,
                2.8931514
              ],
              [
                101.4066535,
                2.8933649
              ],
              [
                101.4066963,
                2.8933393
              ],
              [
                101.4069234,
                2.893196
              ],
              [
                101.4066153,
                2.8930361
              ],
              [
                101.4068263,
                2.8930738
              ],
              [
                101.406794,
                2.8930533
              ],
              [
                101.4068317,
                2.8930853
              ],
              [
                101.4073786,
                2.8933092
              ],
              [
                101.4072236,
                2.8933496
              ],
              [
                101.4070188,
                2.8931689
              ],
              [
                101.4073988,
                2.8933086
              ],
              [
                101.4073543,
                2.8927469
              ],
              [
                101.4072403,
                2.8924695
              ],
              [
                101.4070896,
                2.8926892
              ],
              [
                101.4071848,
                2.8923905
              ],
              [
                101.4073006,
                2.8926982
              ],
              [
                101.407159,
                2.8926577
              ],
              [
                101.4068328,
                2.8927695
              ],
              [
                101.4067426,
                2.8927999
              ],
              [
                101.4065159,
                2.8925637
              ],
              [
                101.4067538,
                2.892742
              ],
              [
                101.4064679,
                2.8928089
              ],
              [
                101.4067701,
                2.8927027
              ],
              [
                101.4067042,
                2.8931617
              ],
              [
                101.4066883,
                2.8933758
              ],
              [
                101.4057868,
                2.8934339
              ],
              [
                101.4060674,
                2.8934182
              ],
              [
                101.4057758,
                2.8931326
              ],
              [
                101.4054007,
                2.8931259
              ],
              [
                101.4054059,
                2.8930617
              ],
              [
                101.4055311,
                2.893091
              ],
              [
                101.405667,
                2.8930797
              ],
              [
                101.405632,
                2.8930595
              ],
              [
                101.4057173,
                2.8932554
              ],
              [
                101.4054164,
                2.8926491
              ],
              [
                101.4054899,
                2.8924079
              ],
              [
                101.4053612,
                2.8921658
              ],
              [
                101.4054195,
                2.8923695
              ],
              [
                101.4055206,
                2.8921848
              ],
              [
                101.4056072,
                2.8922
              ],
              [
                101.4054857,
                2.8923473
              ],
              [
                101.4050796,
                2.8920952
              ],
              [
                101.4051235,
                2.8921482
              ],
              [
                101.4052291,
                2.8923532
              ],
              [
                101.40508,
                2.8922707
              ],
              [
                101.4049481,
                2.8925201
              ],
              [
                101.4050747,
                2.8923577
              ],
              [
                101.4048587,
                2.892364
              ],
              [
                101.4049929,
                2.8923438
              ],
              [
                101.4048071,
                2.8922338
              ],
              [
                101.4046402,
                2.8923026
              ],
              [
                101.4045879,
                2.8924701
              ],
              [
                101.4047785,
                2.8921142
              ],
              [
                101.4044954,
                2.8921612
              ],
              [
                101.4047031,
                2.8924771
              ],
              [
                101.404329,
                2.8924143
              ],
              [
                101.404476,
                2.8920601
              ],
              [
                101.4044182,
                2.8922202
              ],
              [
                101.4046009,
                2.8918888
              ],
              [
                101.4043029,
                2.8920893
              ],
              [
                101.4045968,
                2.8918258
              ],
              [
                101.4046915,
                2.8919834
              ],
              [
                101.4060005,
                2.8920655
              ],
              [
                101.4075948,
                2.8921698
              ],
              [
                101.4073108,
                2.8917979
              ],
              [
                101.4076385,
                2.8932889
              ],
              [
                101.4075533,
                2.8932395
              ]
            ]
          ],
          [
            [
              [
                101.4105957,
                2.8981832
              ],
              [
                101.4101301,
                2.8982236
              ],
              [
                101.4090118,
                2.8984241
              ],
              [
                101.4082885,
                2.898465
              ],
              [
                101.4076644,
                2.8985967
              ],
              [
                101.4067201,
                2.8983999
              ],
              [
                101.4060017,
                2.8983898
              ],
              [
                101.4058602,
                2.8982741
              ],
              [
                101.4044577,
                2.8982928
              ],
              [
                101.4043241,
                2.8984653
              ],
              [
                101.4042162,
                2.8981696
              ],
              [
                101.4042524,
                2.8981338
              ],
              [
                101.4044556,
                2.8980241
              ],
              [
                101.4049668,
                2.8980479
              ],
              [
                101.4053782,
                2.8979736
              ],
              [
                101.4053909,
                2.8978289
              ],
              [
                101.405049,
                2.897734
              ],
              [
                101.4052038,
                2.8974685
              ],
              [
                101.4053086,
                2.8974188
              ],
              [
                101.4049238,
                2.8976401
              ],
              [
                101.4043376,
                2.8975093
              ],
              [
                101.404238,
                2.8972069
              ],
              [
                101.4040571,
                2.8972359
              ],
              [
                101.4041065,
                2.8967578
              ],
              [
                101.4041651,
                2.8958828
              ],
              [
                101.4043695,
                2.8958186
              ],
              [
                101.4043941,
                2.8960227
              ],
              [
                101.4050582,
                2.8961254
              ],
              [
                101.4053524,
                2.8958731
              ],
              [
                101.4051394,
                2.8950769
              ],
              [
                101.405527,
                2.8951569
              ],
              [
                101.4048379,
                2.8950731
              ],
              [
                101.4042646,
                2.8950865
              ],
              [
                101.4042531,
                2.8950696
              ],
              [
                101.4043374,
                2.8946259
              ],
              [
                101.4044687,
                2.8942615
              ],
              [
                101.4043022,
                2.8938128
              ],
              [
                101.4041529,
                2.8936343
              ],
              [
                101.4042252,
                2.8933232
              ],
              [
                101.4042823,
                2.8934204
              ],
              [
                101.4043649,
                2.8935987
              ],
              [
                101.4041039,
                2.8932763
              ],
              [
                101.4043903,
                2.8935779
              ],
              [
                101.4046109,
                2.8935397
              ],
              [
                101.4047966,
                2.8933061
              ],
              [
                101.4052654,
                2.8935461
              ],
              [
                101.4057868,
                2.8932954
              ],
              [
                101.4058477,
                2.8935291
              ],
              [
                101.4059068,
                2.8933438
              ],
              [
                101.4060833,
                2.8933151
              ],
              [
                101.4058966,
                2.8935932
              ],
              [
                101.4064629,
                2.8933701
              ],
              [
                101.4065658,
                2.8933581
              ],
              [
                101.4069873,
                2.8934802
              ],
              [
                101.4071935,
                2.8934375
              ],
              [
                101.4075706,
                2.8937047
              ],
              [
                101.4082622,
                2.8936551
              ],
              [
                101.4082526,
                2.8933585
              ],
              [
                101.4082985,
                2.8935865
              ],
              [
                101.4090255,
                2.8935208
              ],
              [
                101.4091324,
                2.8935138
              ],
              [
                101.4098645,
                2.8936187
              ],
              [
                101.4096319,
                2.8936811
              ],
              [
                101.410137,
                2.8935501
              ],
              [
                101.4099368,
                2.8934908
              ],
              [
                101.410343,
                2.8936692
              ],
              [
                101.4101256,
                2.8934824
              ],
              [
                101.410712,
                2.8934949
              ],
              [
                101.4113271,
                2.8934745
              ],
              [
                101.4123617,
                2.8936472
              ],
              [
                101.4122124,
                2.8933279
              ],
              [
                101.4123905,
                2.8982342
              ],
              [
                101.4109498,
                2.8985112
              ]
            ]
          ]
        ]
      }
    },
    {
      "type": "Feature",
      "properties": {
        "field_gis": "P07B3",
        "field_no": "07B3",
        "field_sem": "E06307B3",
        "estate": "Ldg Digital",
        "division": "DIVISION B",
        "field_type": "OP-MATURE",
        "ha_gis": 60.41
      },
      "geometry": {
        "type": "Polygon",
        "coordinates": [
          [
            [
              101.3990879,
              2.8977273
            ],
            [
              101.398922,
              2.8980193
            ],
            [
              101.3989138,
              2.8980258
            ],
            [
              101.3987684,
              2.8981722
            ],
            [
              101.3986765,
              2.898147
            ],
            [
              101.3976755,
              2.8984569
            ],
            [
              101.3974424,
              2.8988854
            ],
            [
              101.3967896,
              2.8990063
            ],
            [
              101.3964669,
              2.8993635
            ],
            [
              101.3957037,
              2.8998829
            ],
            [
              101.3952628,
              2.9003137
            ],
            [
              101.3950108,
              2.9004145
            ],
            [
              101.3948671,
              2.9000832
            ],
            [
              101.394885,
              2.8998807
            ],
            [
              101.3952388,
              2.8960937
            ],
            [
              101.3950706,
              2.8946358
            ],
            [
              101.3951563,
              2.8946862
            ],
            [
              101.3951167,
              2.8948304
            ],
            [
              101.3954691,
              2.8946337
            ],
            [
              101.3958528,
              2.8947263
            ],
            [
              101.3962145,
              2.8945825
            ],
            [
              101.3970145,
              2.894588
            ],
            [
              101.3971885,
              2.8945967
            ],
            [
              101.3972864,
              2.8947417
            ],
            [
              101.3989535,
              2.8945998
            ],
            [
              101.3988047,
              2.8947326
            ],
            [
              101.398925,
              2.8948083
            ],
            [
              101.3986741,
              2.8946015
            ],
            [
              101.3986752,
              2.8936527
            ],
            [
              101.3988567,
              2.8938263
            ],
            [
              101.399575,
              2.8937473
            ],
            [
              101.399664,
              2.8936953
            ],
            [
              101.3996361,
              2.8934718
            ],
            [
              101.4002812,
              2.8934556
            ],
            [
              101.4003728,
              2.893683
            ],
            [
              101.4006457,
              2.8935259
            ],
            [
              101.4009327,
              2.8934709
            ],
            [
              101.4009601,
              2.8938177
            ],
            [
              101.4010158,
              2.8936015
            ],
            [
              101.4015618,
              2.8934779
            ],
            [
              101.4012128,
              2.8937303
            ],
            [
              101.4014388,
              2.8938416
            ],
            [
              101.4020223,
              2.8938772
            ],
            [
              101.4020582,
              2.8938203
            ],
            [
              101.4021064,
              2.8938943
            ],
            [
              101.4021557,
              2.8939001
            ],
            [
              101.4024686,
              2.8938272
            ],
            [
              101.4035299,
              2.893785
            ],
            [
              101.4034915,
              2.8936279
            ],
            [
              101.4033368,
              2.8936361
            ],
            [
              101.4034439,
              2.89364
            ],
            [
              101.4032804,
              2.8937848
            ],
            [
              101.4035783,
              2.8936734
            ],
            [
              101.403301,
              2.8939585
            ],
            [
              101.403431,
              2.8940293
            ],
            [
              101.4033958,
              2.8939686
            ],
            [
              101.4032013,
              2.8941642
            ],
            [
              101.4034341,
              2.8942628
            ],
            [
              101.4035248,
              2.8942501
            ],
            [
              101.4032884,
              2.8940979
            ],
            [
              101.4036519,
              2.8940589
            ],
            [
              101.4033801,
              2.8940001
            ],
            [
              101.4036786,
              2.8940615
            ],
            [
              101.4037107,
              2.8939562
            ],
            [
              101.4035336,
              2.8940638
            ],
            [
              101.4033854,
              2.8941706
            ],
            [
              101.4037316,
              2.8943723
            ],
            [
              101.4036229,
              2.8942424
            ],
            [
              101.4036784,
              2.8944422
            ],
            [
              101.4033111,
              2.8943022
            ],
            [
              101.4032602,
              2.8942228
            ],
            [
              101.4032574,
              2.8945292
            ],
            [
              101.4032535,
              2.8944845
            ],
            [
              101.4035283,
              2.8945426
            ],
            [
              101.4033206,
              2.8949058
            ],
            [
              101.4030435,
              2.895014
            ],
            [
              101.4029108,
              2.8951419
            ],
            [
              101.4028636,
              2.8949824
            ],
            [
              101.4029736,
              2.8951035
            ],
            [
              101.4030524,
              2.895792
            ],
            [
              101.4031533,
              2.8957116
            ],
            [
              101.4031889,
              2.8954772
            ],
            [
              101.4032888,
              2.8955103
            ],
            [
              101.4030405,
              2.8956597
            ],
            [
              101.4032325,
              2.8959323
            ],
            [
              101.4030106,
              2.8956079
            ],
            [
              101.4029305,
              2.8957153
            ],
            [
              101.4030251,
              2.895863
            ],
            [
              101.4030021,
              2.8958868
            ],
            [
              101.4030571,
              2.8958569
            ],
            [
              101.4030284,
              2.8956127
            ],
            [
              101.4027583,
              2.8958172
            ],
            [
              101.4026073,
              2.896686
            ],
            [
              101.4026932,
              2.89683
            ],
            [
              101.4030448,
              2.8964449
            ],
            [
              101.4029363,
              2.8966364
            ],
            [
              101.40315,
              2.8965193
            ],
            [
              101.4031812,
              2.8970624
            ],
            [
              101.4034169,
              2.8971415
            ],
            [
              101.4037752,
              2.8970151
            ],
            [
              101.4034419,
              2.8973578
            ],
            [
              101.4036206,
              2.8973857
            ],
            [
              101.4033044,
              2.8976587
            ],
            [
              101.4030806,
              2.8977642
            ],
            [
              101.4037229,
              2.8978547
            ],
            [
              101.4035119,
              2.8976675
            ],
            [
              101.4038154,
              2.8977961
            ],
            [
              101.4037836,
              2.89778
            ],
            [
              101.403426,
              2.8979546
            ],
            [
              101.4035168,
              2.8981458
            ],
            [
              101.4037823,
              2.8978958
            ],
            [
              101.4036313,
              2.8981047
            ],
            [
              101.4036965,
              2.8981674
            ],
            [
              101.403743,
              2.8983342
            ],
            [
              101.4028088,
              2.8985182
            ],
            [
              101.4027874,
              2.8986782
            ],
            [
              101.4027179,
              2.8987459
            ],
            [
              101.4020544,
              2.898546
            ],
            [
              101.4019695,
              2.8985178
            ],
            [
              101.4015746,
              2.8983898
            ],
            [
              101.400409,
              2.8984015
            ],
            [
              101.3998308,
              2.8984056
            ],
            [
              101.3996126,
              2.898703
            ],
            [
              101.3996801,
              2.898778
            ],
            [
              101.3993067,
              2.8981504
            ],
            [
              101.3993465,
              2.8979383
            ],
            [
              101.3991939,
              2.8980334
            ],
            [
              101.3994773,
              2.8980045
            ],
            [
              101.3994908,
              2.8981422
            ],
            [
              101.3991718,
              2.8977147
            ],
            [
              101.3993879,
              2.8978497
            ],
            [
              101.3992974,
              2.8981112
            ],
            [
              101.3991764,
              2.8978505
            ]
          ]
        ]
      }
    },
    {
      "type": "Feature",
      "properties": {
        "field_gis": "P07B3A",
        "field_no": "07B3A",
        "field_sem": "E06307B3A",
        "estate": "Ldg Digital",
        "division": "DIVISION B",
        "field_type": "OP-MATURE",
        "ha_gis": 91.1074
      },
      "geometry": {
        "type": "Polygon",
        "coordinates": [
          [
            [
              101.3912046,
              2.8934547
            ],
            [
              101.3914196,
              2.8937272
            ],
            [
              101.3914003,
              2.8935214
            ],
            [
              101.3918736,
              2.8935243
            ],
            [
              101.3917478,
              2.8935649
            ],
            [
              101.3918469,
              2.8936603
            ],
            [
              101.3922282,
              2.8937953
            ],
            [
              101.3921382,
              2.8938188
            ],
            [
              101.3920679,
              2.8934969
            ],
            [
              101.3925939,
              2.8936085
            ],
            [
              101.3929302,
              2.8935976
            ],
            [
              101.3931795,
              2.8935365
            ],
            [
              101.3934541,
              2.89377
            ],
            [
              101.3937959,
              2.8934977
            ],
            [
              101.3935472,
              2.8945646
            ],
            [
              101.3936651,
              2.8963763
            ],
            [
              101.393558,
              2.8999838
            ],
            [
              101.3937533,
              2.9003389
            ],
            [
              101.393494,
              2.900238
            ],
            [
              101.3932223,
              2.9004908
            ],
            [
              101.3922161,
              2.9008547
            ],
            [
              101.3916393,
              2.9014003
            ],
            [
              101.3913998,
              2.9013877
            ],
            [
              101.3910918,
              2.901717
            ],
            [
              101.3909774,
              2.9017703
            ],
            [
              101.3905681,
              2.9017282
            ],
            [
              101.3905563,
              2.9016476
            ],
            [
              101.3891697,
              2.9005671
            ],
            [
              101.3889852,
              2.9005008
            ],
            [
              101.3890369,
              2.9004613
            ],
            [
              101.3884696,
              2.9002682
            ],
            [
              101.3879289,
              2.8997369
            ],
            [
              101.3873507,
              2.8991805
            ],
            [
              101.3872941,
              2.8993881
            ],
            [
              101.3869819,
              2.899016
            ],
            [
              101.3866157,
              2.8985281
            ],
            [
              101.3862686,
              2.8981223
            ],
            [
              101.3855627,
              2.8978823
            ],
            [
              101.3853196,
              2.8976641
            ],
            [
              101.3849783,
              2.8977088
            ],
            [
              101.3844682,
              2.8975154
            ],
            [
              101.3846367,
              2.8975647
            ],
            [
              101.3844836,
              2.8967334
            ],
            [
              101.3844432,
              2.8964404
            ],
            [
              101.3843453,
              2.8963345
            ],
            [
              101.384431,
              2.8965949
            ],
            [
              101.3836438,
              2.8965399
            ],
            [
              101.3836454,
              2.8964764
            ],
            [
              101.3836688,
              2.8964776
            ],
            [
              101.3837883,
              2.8964966
            ],
            [
              101.3837523,
              2.8961951
            ],
            [
              101.3836842,
              2.8962382
            ],
            [
              101.3835573,
              2.8961262
            ],
            [
              101.3838906,
              2.8962883
            ],
            [
              101.3837209,
              2.8961408
            ],
            [
              101.3837828,
              2.8961649
            ],
            [
              101.3840094,
              2.8960642
            ],
            [
              101.3856533,
              2.8936519
            ],
            [
              101.3856222,
              2.8937162
            ],
            [
              101.3871252,
              2.8937004
            ],
            [
              101.3870024,
              2.8937292
            ],
            [
              101.3875671,
              2.8934674
            ],
            [
              101.3877149,
              2.8937395
            ],
            [
              101.3877519,
              2.8934696
            ],
            [
              101.3881652,
              2.8934682
            ],
            [
              101.3890227,
              2.8935007
            ],
            [
              101.3889565,
              2.8936533
            ],
            [
              101.389343,
              2.8935313
            ],
            [
              101.3895491,
              2.8937883
            ],
            [
              101.3897364,
              2.8934923
            ],
            [
              101.389602,
              2.8937591
            ],
            [
              101.3896842,
              2.8936264
            ],
            [
              101.3907147,
              2.8937574
            ],
            [
              101.390666,
              2.8937694
            ],
            [
              101.3909555,
              2.893478
            ],
            [
              101.3910035,
              2.8934703
            ],
            [
              101.3913499,
              2.89383
            ]
          ]
        ]
      }
    },
    {
      "type": "Feature",
      "properties": {
        "field_gis": "P07B3B",
        "field_no": "07B3B",
        "field_sem": "E06307B3B",
        "estate": "Ldg Digital",
        "division": "DIVISION B",
        "field_type": "OP-MATURE",
        "ha_gis": 49.9303
      },
      "geometry": {
        "type": "MultiPolygon",
        "coordinates": [
          [
            [
              [
                101.3988837,
                2.8987593
              ],
              [
                101.3986774,
                2.8988255
              ],
              [
                101.3986087,
                2.8987806
              ],
              [
                101.3987286,
                2.899022
              ],
              [
                101.3989312,
                2.8989591
              ],
              [
                101.3989128,
                2.899385
              ],
              [
                101.3991988,
                2.8998336
              ],
              [
                101.3997,
                2.9000274
              ],
              [
                101.399635,
                2.9005069
              ],
              [
                101.3992742,
                2.9011827
              ],
              [
                101.399068,
                2.9009061
              ],
              [
                101.3985607,
                2.9012388
              ],
              [
                101.3972709,
                2.902223
              ],
              [
                101.3970855,
                2.9020776
              ],
              [
                101.3967552,
                2.9023523
              ],
              [
                101.3963804,
                2.9027778
              ],
              [
                101.396074,
                2.902852
              ],
              [
                101.3962412,
                2.9025845
              ],
              [
                101.3962452,
                2.9026419
              ],
              [
                101.3958335,
                2.9030533
              ],
              [
                101.395337,
                2.9029403
              ],
              [
                101.3949493,
                2.9035701
              ],
              [
                101.3946024,
                2.9034281
              ],
              [
                101.39466,
                2.9037348
              ],
              [
                101.3943596,
                2.9042097
              ],
              [
                101.3931642,
                2.9050646
              ],
              [
                101.3930492,
                2.9049943
              ],
              [
                101.3929839,
                2.9048401
              ],
              [
                101.3928172,
                2.9047526
              ],
              [
                101.3918214,
                2.9027834
              ],
              [
                101.392007,
                2.9026043
              ],
              [
                101.3916055,
                2.9026159
              ],
              [
                101.3919367,
                2.9026121
              ],
              [
                101.3923969,
                2.9022616
              ],
              [
                101.3926927,
                2.9020704
              ],
              [
                101.3932199,
                2.9017324
              ],
              [
                101.3945406,
                2.9012675
              ],
              [
                101.3943589,
                2.9009601
              ],
              [
                101.3945588,
                2.9008422
              ],
              [
                101.3953816,
                2.9005129
              ],
              [
                101.3960166,
                2.9001466
              ],
              [
                101.3962734,
                2.9001234
              ],
              [
                101.3966212,
                2.8996367
              ],
              [
                101.3971856,
                2.899467
              ],
              [
                101.3983313,
                2.8989382
              ],
              [
                101.3982722,
                2.8988122
              ],
              [
                101.3984959,
                2.8987522
              ],
              [
                101.3984932,
                2.8989145
              ],
              [
                101.3984821,
                2.8989352
              ],
              [
                101.3984824,
                2.898687
              ],
              [
                101.3986478,
                2.8988539
              ],
              [
                101.3988765,
                2.8986468
              ],
              [
                101.398835,
                2.8986071
              ]
            ]
          ],
          [
            [
              [
                101.4001788,
                2.9014334
              ],
              [
                101.4004736,
                2.9015305
              ],
              [
                101.4006198,
                2.9016331
              ],
              [
                101.400501,
                2.9020449
              ],
              [
                101.4005261,
                2.9022577
              ],
              [
                101.4007365,
                2.9021537
              ],
              [
                101.4010092,
                2.9022291
              ],
              [
                101.4008534,
                2.9022955
              ],
              [
                101.4007102,
                2.9024882
              ],
              [
                101.4010356,
                2.902428
              ],
              [
                101.4008569,
                2.9024438
              ],
              [
                101.4003058,
                2.9026804
              ],
              [
                101.3994921,
                2.9031893
              ],
              [
                101.3996065,
                2.9031524
              ],
              [
                101.3996199,
                2.9033953
              ],
              [
                101.3994534,
                2.9032145
              ],
              [
                101.3991002,
                2.9031977
              ],
              [
                101.3990715,
                2.9034138
              ],
              [
                101.3989365,
                2.9038367
              ],
              [
                101.3982854,
                2.9040238
              ],
              [
                101.3981159,
                2.9040825
              ],
              [
                101.3978402,
                2.9042685
              ],
              [
                101.3978571,
                2.904033
              ],
              [
                101.3974611,
                2.9043605
              ],
              [
                101.3970338,
                2.9044026
              ],
              [
                101.3965447,
                2.9048451
              ],
              [
                101.3963469,
                2.905155
              ],
              [
                101.3961938,
                2.9050925
              ],
              [
                101.3950283,
                2.9057934
              ],
              [
                101.3947102,
                2.9060043
              ],
              [
                101.3947947,
                2.9059499
              ],
              [
                101.3945928,
                2.9059325
              ],
              [
                101.3939455,
                2.9064895
              ],
              [
                101.3939496,
                2.9062747
              ],
              [
                101.3937901,
                2.9062561
              ],
              [
                101.3939842,
                2.9064554
              ],
              [
                101.3937523,
                2.9064771
              ],
              [
                101.3935872,
                2.9066324
              ],
              [
                101.3938256,
                2.9066217
              ],
              [
                101.3934629,
                2.9066594
              ],
              [
                101.3935545,
                2.9066966
              ],
              [
                101.3937564,
                2.9065115
              ],
              [
                101.3937685,
                2.9065451
              ],
              [
                101.3935149,
                2.905384
              ],
              [
                101.3936599,
                2.9054102
              ],
              [
                101.3939386,
                2.9050175
              ],
              [
                101.3939479,
                2.9048856
              ],
              [
                101.3941668,
                2.9046267
              ],
              [
                101.3944965,
                2.9046175
              ],
              [
                101.3945623,
                2.9045416
              ],
              [
                101.3945824,
                2.9044814
              ],
              [
                101.3946867,
                2.904263
              ],
              [
                101.3948927,
                2.9042546
              ],
              [
                101.3952959,
                2.9041804
              ],
              [
                101.3952027,
                2.9039266
              ],
              [
                101.3954478,
                2.903464
              ],
              [
                101.396053,
                2.9030942
              ],
              [
                101.3964415,
                2.9031546
              ],
              [
                101.3970737,
                2.9028747
              ],
              [
                101.3972135,
                2.9025198
              ],
              [
                101.3974937,
                2.9021716
              ],
              [
                101.3981195,
                2.9020124
              ],
              [
                101.3986896,
                2.901746
              ],
              [
                101.3992124,
                2.9013069
              ],
              [
                101.3994441,
                2.9013638
              ],
              [
                101.3994089,
                2.9013572
              ],
              [
                101.399239,
                2.9010018
              ],
              [
                101.3996229,
                2.9013454
              ],
              [
                101.3996416,
                2.9011129
              ],
              [
                101.4000824,
                2.9008203
              ],
              [
                101.4000466,
                2.9014121
              ],
              [
                101.4005308,
                2.9014565
              ]
            ]
          ]
        ]
      }
    },
    {
      "type": "Feature",
      "properties": {
        "field_gis": "P08C1",
        "field_no": "08C1",
        "field_sem": "E06308C1",
        "estate": "Ldg Digital",
        "division": "DIVISION B",
        "field_type": "OP-MATURE",
        "ha_gis": 38.1994
      },
      "geometry": {
        "type": "Polygon",
        "coordinates": [
          [
            [
              101.4179226,
              2.859366
            ],
            [
              101.4177478,
              2.8592397
            ],
            [
              101.4176598,
              2.8594986
            ],
            [
              101.4172859,
              2.8598927
            ],
            [
              101.416996,
              2.8601572
            ],
            [
              101.4166102,
              2.8605217
            ],
            [
              101.4163892,
              2.8607472
            ],
            [
              101.4164093,
              2.8608458
            ],
            [
              101.4163187,
              2.8607481
            ],
            [
              101.4162373,
              2.8607949
            ],
            [
              101.4161709,
              2.8610254
            ],
            [
              101.4159804,
              2.8613947
            ],
            [
              101.4155187,
              2.8612957
            ],
            [
              101.4158122,
              2.8614802
            ],
            [
              101.4157262,
              2.8613906
            ],
            [
              101.4156183,
              2.8616003
            ],
            [
              101.4153324,
              2.8618526
            ],
            [
              101.4155979,
              2.8620073
            ],
            [
              101.4153139,
              2.8619858
            ],
            [
              101.4148756,
              2.8621451
            ],
            [
              101.4147077,
              2.8619883
            ],
            [
              101.4148381,
              2.8612781
            ],
            [
              101.4149068,
              2.8612211
            ],
            [
              101.415497,
              2.8612638
            ],
            [
              101.415191,
              2.8607594
            ],
            [
              101.4154554,
              2.8606821
            ],
            [
              101.4154802,
              2.8603524
            ],
            [
              101.415703,
              2.8603158
            ],
            [
              101.4155845,
              2.8603377
            ],
            [
              101.4156253,
              2.859602
            ],
            [
              101.4157024,
              2.8596192
            ],
            [
              101.415692,
              2.8596952
            ],
            [
              101.4155565,
              2.8596152
            ],
            [
              101.415456,
              2.8593453
            ],
            [
              101.4151164,
              2.8591476
            ],
            [
              101.4151327,
              2.8591041
            ],
            [
              101.4154102,
              2.8592115
            ],
            [
              101.4148715,
              2.8591228
            ],
            [
              101.4144319,
              2.85922
            ],
            [
              101.4141617,
              2.8592175
            ],
            [
              101.414263,
              2.8592459
            ],
            [
              101.4140102,
              2.8593381
            ],
            [
              101.4140126,
              2.8595164
            ],
            [
              101.4139879,
              2.8596106
            ],
            [
              101.4137942,
              2.8608393
            ],
            [
              101.4137296,
              2.8606807
            ],
            [
              101.4140451,
              2.8607275
            ],
            [
              101.4137296,
              2.8610283
            ],
            [
              101.4136531,
              2.8608858
            ],
            [
              101.4137635,
              2.8608854
            ],
            [
              101.4137057,
              2.8600408
            ],
            [
              101.4137054,
              2.8599626
            ],
            [
              101.4135041,
              2.8595023
            ],
            [
              101.4135527,
              2.8592702
            ],
            [
              101.4136831,
              2.8587373
            ],
            [
              101.4136949,
              2.8585572
            ],
            [
              101.4136162,
              2.8585305
            ],
            [
              101.4137273,
              2.8581572
            ],
            [
              101.4136912,
              2.8576252
            ],
            [
              101.4136055,
              2.8571657
            ],
            [
              101.4137642,
              2.8568913
            ],
            [
              101.4136513,
              2.8569246
            ],
            [
              101.4135416,
              2.856578
            ],
            [
              101.4136964,
              2.8567896
            ],
            [
              101.4134751,
              2.8565326
            ],
            [
              101.4136846,
              2.8558788
            ],
            [
              101.4135078,
              2.8558402
            ],
            [
              101.413386,
              2.8554785
            ],
            [
              101.4135978,
              2.8555392
            ],
            [
              101.4135367,
              2.8553646
            ],
            [
              101.4135682,
              2.8553247
            ],
            [
              101.4134417,
              2.855478
            ],
            [
              101.413604,
              2.8556717
            ],
            [
              101.4133881,
              2.8551546
            ],
            [
              101.413405,
              2.8554816
            ],
            [
              101.4135849,
              2.8553803
            ],
            [
              101.4136746,
              2.8554061
            ],
            [
              101.4137097,
              2.8552551
            ],
            [
              101.4136081,
              2.8551945
            ],
            [
              101.4135347,
              2.8550691
            ],
            [
              101.4135949,
              2.8551017
            ],
            [
              101.4135195,
              2.8553105
            ],
            [
              101.4133935,
              2.8553415
            ],
            [
              101.4134978,
              2.8552569
            ],
            [
              101.4136085,
              2.854931
            ],
            [
              101.4134804,
              2.855004
            ],
            [
              101.4133503,
              2.8552757
            ],
            [
              101.4136751,
              2.8551456
            ],
            [
              101.4136204,
              2.8532864
            ],
            [
              101.4136197,
              2.8533362
            ],
            [
              101.4137383,
              2.8535331
            ],
            [
              101.4148006,
              2.8535673
            ],
            [
              101.4144832,
              2.8533674
            ],
            [
              101.4150233,
              2.8535325
            ],
            [
              101.4156083,
              2.8545005
            ],
            [
              101.4153823,
              2.8544549
            ],
            [
              101.4153867,
              2.8544381
            ],
            [
              101.4163773,
              2.8554315
            ],
            [
              101.4164666,
              2.8559054
            ],
            [
              101.4167452,
              2.855834
            ],
            [
              101.416888,
              2.8560497
            ],
            [
              101.4169303,
              2.8559074
            ],
            [
              101.4169666,
              2.8560965
            ],
            [
              101.4167939,
              2.8562414
            ],
            [
              101.4167431,
              2.8559549
            ],
            [
              101.4167154,
              2.8561112
            ],
            [
              101.41693,
              2.8562099
            ],
            [
              101.4170264,
              2.8566618
            ],
            [
              101.4171412,
              2.8566261
            ],
            [
              101.4172703,
              2.8567097
            ],
            [
              101.4176543,
              2.8567382
            ],
            [
              101.4177478,
              2.8571075
            ],
            [
              101.4176157,
              2.857254
            ],
            [
              101.4178316,
              2.8574376
            ],
            [
              101.4177344,
              2.857065
            ],
            [
              101.4180529,
              2.8573278
            ],
            [
              101.4178194,
              2.8572983
            ],
            [
              101.4176575,
              2.8573017
            ],
            [
              101.4179166,
              2.8570263
            ],
            [
              101.4181234,
              2.8573298
            ],
            [
              101.418567,
              2.8576898
            ],
            [
              101.4186728,
              2.8576473
            ],
            [
              101.4186887,
              2.858012
            ],
            [
              101.4188741,
              2.8583248
            ],
            [
              101.4188695,
              2.8583582
            ],
            [
              101.4188025,
              2.8582164
            ],
            [
              101.418897,
              2.8582886
            ],
            [
              101.418772,
              2.8583888
            ],
            [
              101.4185787,
              2.8583395
            ],
            [
              101.4185616,
              2.8586617
            ],
            [
              101.4186747,
              2.8584995
            ],
            [
              101.4183915,
              2.8585009
            ],
            [
              101.4185835,
              2.8586054
            ],
            [
              101.4186116,
              2.8587514
            ],
            [
              101.4187056,
              2.8583642
            ],
            [
              101.418514,
              2.8585992
            ],
            [
              101.4186204,
              2.8588668
            ],
            [
              101.4185273,
              2.8588961
            ],
            [
              101.418507,
              2.8588843
            ],
            [
              101.418262,
              2.858776
            ],
            [
              101.4182325,
              2.8591603
            ],
            [
              101.4182264,
              2.8592899
            ],
            [
              101.4179197,
              2.8590828
            ]
          ]
        ]
      }
    },
    {
      "type": "Feature",
      "properties": {
        "field_gis": "P09C",
        "field_no": "2009C",
        "field_sem": "E0632009C",
        "estate": "Ldg Digital",
        "division": "DIVISION B",
        "field_type": "OP-MATURE",
        "ha_gis": 71.5682
      },
      "geometry": {
        "type": "MultiPolygon",
        "coordinates": [
          [
            [
              [
                101.4146345,
                2.8630202
              ],
              [
                101.4148564,
                2.8630477
              ],
              [
                101.4150478,
                2.8630976
              ],
              [
                101.4148452,
                2.8631183
              ],
              [
                101.4149908,
                2.8634485
              ],
              [
                101.4147865,
                2.8633256
              ],
              [
                101.414814,
                2.8637118
              ],
              [
                101.4146624,
                2.8634512
              ],
              [
                101.4142534,
                2.8636839
              ],
              [
                101.4140951,
                2.8633216
              ],
              [
                101.4140282,
                2.8633855
              ],
              [
                101.4138982,
                2.8632456
              ],
              [
                101.4134587,
                2.8632391
              ],
              [
                101.4134322,
                2.8633533
              ],
              [
                101.413253,
                2.8631396
              ],
              [
                101.4133127,
                2.8631415
              ],
              [
                101.4134171,
                2.8624425
              ],
              [
                101.4134948,
                2.8622302
              ],
              [
                101.4132932,
                2.8619434
              ],
              [
                101.4131665,
                2.8622637
              ],
              [
                101.4137384,
                2.8622701
              ],
              [
                101.4136986,
                2.8624392
              ],
              [
                101.4134891,
                2.8626128
              ],
              [
                101.4137848,
                2.8624958
              ],
              [
                101.413903,
                2.862672
              ],
              [
                101.4142652,
                2.86253
              ],
              [
                101.4140954,
                2.8624526
              ],
              [
                101.4146423,
                2.8623355
              ],
              [
                101.4146606,
                2.8627271
              ],
              [
                101.414585,
                2.8627241
              ],
              [
                101.4145513,
                2.8632848
              ],
              [
                101.4144446,
                2.8630167
              ]
            ]
          ],
          [
            [
              [
                101.4157745,
                2.8631634
              ],
              [
                101.4162809,
                2.8630918
              ],
              [
                101.4162101,
                2.8633923
              ],
              [
                101.4164096,
                2.8646402
              ],
              [
                101.416401,
                2.864622
              ],
              [
                101.4155718,
                2.8647577
              ],
              [
                101.4150444,
                2.8646173
              ],
              [
                101.4148404,
                2.8647543
              ],
              [
                101.4150731,
                2.8643911
              ],
              [
                101.4148372,
                2.8642856
              ],
              [
                101.4151016,
                2.8639447
              ],
              [
                101.4152258,
                2.8633564
              ],
              [
                101.4151851,
                2.8635006
              ],
              [
                101.4154031,
                2.8629745
              ],
              [
                101.4157768,
                2.8629913
              ],
              [
                101.4157241,
                2.8630598
              ],
              [
                101.4158971,
                2.8633321
              ]
            ]
          ],
          [
            [
              [
                101.4146022,
                2.8642856
              ],
              [
                101.4145634,
                2.8649171
              ],
              [
                101.4144426,
                2.8654686
              ],
              [
                101.4142349,
                2.8655273
              ],
              [
                101.4144351,
                2.8656087
              ],
              [
                101.4145927,
                2.8664365
              ],
              [
                101.4142835,
                2.866381
              ],
              [
                101.4145758,
                2.8668847
              ],
              [
                101.4133993,
                2.8669115
              ],
              [
                101.4134882,
                2.8665408
              ],
              [
                101.4134341,
                2.8668735
              ],
              [
                101.4134941,
                2.8647069
              ],
              [
                101.4132226,
                2.8648578
              ],
              [
                101.4133315,
                2.86369
              ],
              [
                101.4135257,
                2.8637434
              ],
              [
                101.4140893,
                2.8636883
              ],
              [
                101.4142937,
                2.8639973
              ]
            ]
          ],
          [
            [
              [
                101.4158242,
                2.8713531
              ],
              [
                101.4152937,
                2.8713696
              ],
              [
                101.413938,
                2.8714549
              ],
              [
                101.4138313,
                2.8706488
              ],
              [
                101.4138767,
                2.8705654
              ],
              [
                101.4137633,
                2.8703704
              ],
              [
                101.4141033,
                2.8703201
              ],
              [
                101.4140145,
                2.8707079
              ],
              [
                101.414079,
                2.8703802
              ],
              [
                101.4139006,
                2.8704914
              ],
              [
                101.4139106,
                2.870583
              ],
              [
                101.4136972,
                2.8706152
              ],
              [
                101.4138398,
                2.870268
              ],
              [
                101.4134914,
                2.8706681
              ],
              [
                101.4133861,
                2.8706539
              ],
              [
                101.4131447,
                2.8705331
              ],
              [
                101.4132282,
                2.8705585
              ],
              [
                101.4132673,
                2.8700479
              ],
              [
                101.4131684,
                2.8698544
              ],
              [
                101.4133722,
                2.8700556
              ],
              [
                101.4138404,
                2.8701887
              ],
              [
                101.4139978,
                2.870108
              ],
              [
                101.4138398,
                2.8701547
              ],
              [
                101.413962,
                2.8695554
              ],
              [
                101.4137484,
                2.8694534
              ],
              [
                101.4137554,
                2.8692728
              ],
              [
                101.4139512,
                2.8692131
              ],
              [
                101.4132947,
                2.8692807
              ],
              [
                101.4132978,
                2.8692731
              ],
              [
                101.4135011,
                2.8693446
              ],
              [
                101.4134392,
                2.8688632
              ],
              [
                101.4131682,
                2.8678572
              ],
              [
                101.4131331,
                2.8677292
              ],
              [
                101.4132694,
                2.8679599
              ],
              [
                101.4134496,
                2.8680627
              ],
              [
                101.4144857,
                2.8678637
              ],
              [
                101.4156919,
                2.8677488
              ],
              [
                101.4163868,
                2.8679123
              ],
              [
                101.4162235,
                2.8680928
              ],
              [
                101.4164986,
                2.8681124
              ],
              [
                101.4179909,
                2.8681132
              ],
              [
                101.4177025,
                2.8678313
              ],
              [
                101.4179705,
                2.8678573
              ],
              [
                101.4180331,
                2.8680348
              ],
              [
                101.4177187,
                2.8682808
              ],
              [
                101.4178199,
                2.8680166
              ],
              [
                101.4177078,
                2.8681772
              ],
              [
                101.4178124,
                2.86846
              ],
              [
                101.4176975,
                2.8685174
              ],
              [
                101.4180393,
                2.8685589
              ],
              [
                101.4176182,
                2.8690997
              ],
              [
                101.4177009,
                2.8697774
              ],
              [
                101.4177656,
                2.870653
              ],
              [
                101.4180321,
                2.8705368
              ],
              [
                101.4178198,
                2.8714568
              ],
              [
                101.4176493,
                2.8713349
              ],
              [
                101.416534,
                2.8714973
              ],
              [
                101.4165535,
                2.8716024
              ],
              [
                101.4164642,
                2.8712909
              ],
              [
                101.4164392,
                2.871268
              ],
              [
                101.4161822,
                2.8714906
              ]
            ]
          ],
          [
            [
              [
                101.4133019,
                2.8743272
              ],
              [
                101.4133493,
                2.8743014
              ],
              [
                101.4134063,
                2.8741777
              ],
              [
                101.413299,
                2.8746485
              ],
              [
                101.4110519,
                2.8745458
              ],
              [
                101.4108488,
                2.8745006
              ],
              [
                101.410534,
                2.8745122
              ],
              [
                101.4102232,
                2.8744812
              ],
              [
                101.4100966,
                2.874425
              ],
              [
                101.4098953,
                2.8743272
              ],
              [
                101.4098614,
                2.8743215
              ],
              [
                101.4098184,
                2.8743796
              ],
              [
                101.4092354,
                2.874431
              ],
              [
                101.4095289,
                2.8742153
              ],
              [
                101.4088343,
                2.8742047
              ],
              [
                101.4083213,
                2.874196
              ],
              [
                101.408254,
                2.8744942
              ],
              [
                101.408026,
                2.8745292
              ],
              [
                101.4078418,
                2.8743011
              ],
              [
                101.4075219,
                2.8745604
              ],
              [
                101.4076632,
                2.8744567
              ],
              [
                101.407187,
                2.874347
              ],
              [
                101.4049968,
                2.8744204
              ],
              [
                101.4049975,
                2.8745418
              ],
              [
                101.4052769,
                2.8743776
              ],
              [
                101.4052689,
                2.8742396
              ],
              [
                101.4050746,
                2.8736654
              ],
              [
                101.4052584,
                2.8735775
              ],
              [
                101.4049661,
                2.8725633
              ],
              [
                101.4052368,
                2.8724348
              ],
              [
                101.4052481,
                2.8720178
              ],
              [
                101.4051677,
                2.8715652
              ],
              [
                101.405075,
                2.8713981
              ],
              [
                101.4108705,
                2.8712503
              ],
              [
                101.4115742,
                2.871553
              ],
              [
                101.4120703,
                2.8714846
              ],
              [
                101.4130065,
                2.8716491
              ],
              [
                101.4129765,
                2.8714818
              ],
              [
                101.4126647,
                2.8719385
              ],
              [
                101.4130223,
                2.8719871
              ],
              [
                101.4128585,
                2.8721691
              ],
              [
                101.4131607,
                2.8721161
              ],
              [
                101.4131162,
                2.8726927
              ],
              [
                101.4134712,
                2.8742691
              ]
            ]
          ]
        ]
      }
    },
    {
      "type": "Feature",
      "properties": {
        "field_gis": "P09C1",
        "field_no": "2009C1",
        "field_sem": "E0632009C1",
        "estate": "Ldg Digital",
        "division": "DIVISION B",
        "field_type": "OP-MATURE",
        "ha_gis": 80.0267
      },
      "geometry": {
        "type": "Polygon",
        "coordinates": [
          [
            [
              101.3876706,
              2.8716718
            ],
            [
              101.3885116,
              2.8719284
            ],
            [
              101.3885754,
              2.8715683
            ],
            [
              101.3897707,
              2.8718814
            ],
            [
              101.3915293,
              2.8715415
            ],
            [
              101.3925824,
              2.8718946
            ],
            [
              101.3927138,
              2.8715993
            ],
            [
              101.3931179,
              2.8719426
            ],
            [
              101.394177,
              2.8716212
            ],
            [
              101.3943732,
              2.8716093
            ],
            [
              101.3943169,
              2.8717651
            ],
            [
              101.3946064,
              2.87196
            ],
            [
              101.3953786,
              2.8718816
            ],
            [
              101.3959459,
              2.8716364
            ],
            [
              101.3963512,
              2.8716148
            ],
            [
              101.3973968,
              2.8718233
            ],
            [
              101.3976744,
              2.8716815
            ],
            [
              101.398241,
              2.8719786
            ],
            [
              101.4025903,
              2.8719392
            ],
            [
              101.402956,
              2.8717902
            ],
            [
              101.4029577,
              2.87189
            ],
            [
              101.4029698,
              2.8722788
            ],
            [
              101.4028325,
              2.8728312
            ],
            [
              101.4028962,
              2.8734669
            ],
            [
              101.4030278,
              2.8739902
            ],
            [
              101.4030054,
              2.8739183
            ],
            [
              101.4027436,
              2.8746135
            ],
            [
              101.4030021,
              2.8746447
            ],
            [
              101.4029811,
              2.8747696
            ],
            [
              101.402805,
              2.8747276
            ],
            [
              101.4007511,
              2.8751344
            ],
            [
              101.3997323,
              2.8749349
            ],
            [
              101.3998187,
              2.8749501
            ],
            [
              101.398793,
              2.8749257
            ],
            [
              101.3982168,
              2.8747239
            ],
            [
              101.3976076,
              2.8747266
            ],
            [
              101.3945341,
              2.8748831
            ],
            [
              101.3945411,
              2.8747781
            ],
            [
              101.3943225,
              2.8748748
            ],
            [
              101.3919475,
              2.8748779
            ],
            [
              101.3902824,
              2.8746997
            ],
            [
              101.3890465,
              2.8749336
            ],
            [
              101.3891258,
              2.8749353
            ],
            [
              101.3872693,
              2.8749444
            ],
            [
              101.3864613,
              2.8748018
            ],
            [
              101.3865326,
              2.8748979
            ],
            [
              101.3866207,
              2.8747232
            ],
            [
              101.3865825,
              2.8744675
            ],
            [
              101.3862987,
              2.8743336
            ],
            [
              101.3866298,
              2.8737805
            ],
            [
              101.3862857,
              2.8734683
            ],
            [
              101.3863756,
              2.8731439
            ],
            [
              101.3864457,
              2.8728361
            ],
            [
              101.3863956,
              2.8717506
            ],
            [
              101.3865548,
              2.8716418
            ],
            [
              101.3875171,
              2.8718259
            ]
          ]
        ]
      }
    },
    {
      "type": "Feature",
      "properties": {
        "field_gis": "P09D",
        "field_no": "2009D",
        "field_sem": "E0632009D",
        "estate": "Ldg Digital",
        "division": "DIVISION B",
        "field_type": "OP-MATURE",
        "ha_gis": 81.6573
      },
      "geometry": {
        "type": "MultiPolygon",
        "coordinates": [
          [
            [
              [
                101.4288299,
                2.8607524
              ],
              [
                101.4289569,
                2.8607321
              ],
              [
                101.4290425,
                2.8610675
              ],
              [
                101.4291538,
                2.8611238
              ],
              [
                101.4293822,
                2.8615346
              ],
              [
                101.4289315,
                2.8619332
              ],
              [
                101.4286772,
                2.8618792
              ],
              [
                101.4286361,
                2.8619138
              ],
              [
                101.4285871,
                2.8604812
              ],
              [
                101.4289698,
                2.8607135
              ],
              [
                101.4290178,
                2.8607571
              ],
              [
                101.4288136,
                2.8606821
              ]
            ]
          ],
          [
            [
              [
                101.4276289,
                2.8624926
              ],
              [
                101.4271227,
                2.8624327
              ],
              [
                101.4271575,
                2.8624435
              ],
              [
                101.4272707,
                2.8620988
              ],
              [
                101.4273669,
                2.8624425
              ],
              [
                101.4275194,
                2.8624553
              ],
              [
                101.4277392,
                2.8621813
              ],
              [
                101.4278623,
                2.862391
              ],
              [
                101.4276017,
                2.8627061
              ]
            ]
          ],
          [
            [
              [
                101.4302988,
                2.8654616
              ],
              [
                101.4298712,
                2.8653099
              ],
              [
                101.4299245,
                2.865693
              ],
              [
                101.4292499,
                2.8657471
              ],
              [
                101.4293959,
                2.8655004
              ],
              [
                101.4288885,
                2.8654802
              ],
              [
                101.4288633,
                2.8657352
              ],
              [
                101.4286039,
                2.8658336
              ],
              [
                101.428743,
                2.8655594
              ],
              [
                101.4288272,
                2.8658681
              ],
              [
                101.4285387,
                2.8655319
              ],
              [
                101.4285664,
                2.865596
              ],
              [
                101.4288314,
                2.86605
              ],
              [
                101.428695,
                2.8661059
              ],
              [
                101.4287828,
                2.8660559
              ],
              [
                101.4284165,
                2.8662311
              ],
              [
                101.4285115,
                2.8660619
              ],
              [
                101.4283756,
                2.8661743
              ],
              [
                101.4280281,
                2.8661118
              ],
              [
                101.4282958,
                2.8659992
              ],
              [
                101.4260142,
                2.8646151
              ],
              [
                101.4277685,
                2.8627275
              ],
              [
                101.4285921,
                2.8623882
              ],
              [
                101.4291356,
                2.8621714
              ],
              [
                101.4294278,
                2.8617267
              ],
              [
                101.4296858,
                2.8613142
              ],
              [
                101.4295046,
                2.8610947
              ],
              [
                101.4295381,
                2.8614259
              ],
              [
                101.4296381,
                2.8612425
              ],
              [
                101.4297914,
                2.8611926
              ],
              [
                101.4302586,
                2.8616831
              ],
              [
                101.4305236,
                2.8617878
              ],
              [
                101.4307085,
                2.8619206
              ],
              [
                101.4309004,
                2.8621473
              ],
              [
                101.4307617,
                2.8621681
              ],
              [
                101.4308025,
                2.8622916
              ],
              [
                101.431031,
                2.8625812
              ],
              [
                101.4310523,
                2.8622458
              ],
              [
                101.4310171,
                2.8622539
              ],
              [
                101.4311773,
                2.8620532
              ],
              [
                101.430954,
                2.8622892
              ],
              [
                101.4310817,
                2.8619792
              ],
              [
                101.4310584,
                2.8619922
              ],
              [
                101.4313643,
                2.8622309
              ],
              [
                101.4314217,
                2.8623216
              ],
              [
                101.4313225,
                2.862351
              ],
              [
                101.4317139,
                2.8624716
              ],
              [
                101.4319767,
                2.8623425
              ],
              [
                101.432144,
                2.8623956
              ],
              [
                101.4321616,
                2.8628295
              ],
              [
                101.4329349,
                2.8629682
              ],
              [
                101.4330205,
                2.8631021
              ],
              [
                101.4334213,
                2.8630714
              ],
              [
                101.4333286,
                2.8627568
              ],
              [
                101.4337502,
                2.8630024
              ],
              [
                101.4340552,
                2.8628794
              ],
              [
                101.4342696,
                2.8630943
              ],
              [
                101.4344107,
                2.8627307
              ],
              [
                101.4346036,
                2.862855
              ],
              [
                101.4346766,
                2.8627919
              ],
              [
                101.4349901,
                2.8628794
              ],
              [
                101.4360839,
                2.8624503
              ],
              [
                101.4366071,
                2.8625512
              ],
              [
                101.4368938,
                2.8624495
              ],
              [
                101.4381763,
                2.8622312
              ],
              [
                101.4386583,
                2.8621947
              ],
              [
                101.4383222,
                2.8619343
              ],
              [
                101.4387254,
                2.862274
              ],
              [
                101.4387434,
                2.8621448
              ],
              [
                101.4395053,
                2.8623713
              ],
              [
                101.4396946,
                2.8625602
              ],
              [
                101.4397074,
                2.862272
              ],
              [
                101.4401266,
                2.8625845
              ],
              [
                101.4398129,
                2.8629386
              ],
              [
                101.4400615,
                2.8629806
              ],
              [
                101.4385147,
                2.8636631
              ],
              [
                101.4369257,
                2.8644757
              ],
              [
                101.4367918,
                2.864676
              ],
              [
                101.4365937,
                2.8649565
              ],
              [
                101.4364674,
                2.8649428
              ],
              [
                101.4362989,
                2.8647636
              ],
              [
                101.4360547,
                2.8646221
              ],
              [
                101.4359024,
                2.8647416
              ],
              [
                101.4361287,
                2.8644928
              ],
              [
                101.4358116,
                2.8646318
              ],
              [
                101.4349912,
                2.8651394
              ],
              [
                101.4340836,
                2.8661063
              ],
              [
                101.4339618,
                2.865741
              ],
              [
                101.4333526,
                2.8656277
              ],
              [
                101.4335744,
                2.8656189
              ],
              [
                101.4334196,
                2.8654824
              ],
              [
                101.4333833,
                2.8650005
              ],
              [
                101.4335188,
                2.8648569
              ],
              [
                101.4332186,
                2.865142
              ],
              [
                101.4331174,
                2.8646191
              ],
              [
                101.4324807,
                2.8643344
              ],
              [
                101.4332204,
                2.864508
              ],
              [
                101.4332823,
                2.8638479
              ],
              [
                101.4317837,
                2.8635115
              ],
              [
                101.4320101,
                2.8643769
              ],
              [
                101.4319998,
                2.864277
              ],
              [
                101.4313146,
                2.8650294
              ],
              [
                101.431004,
                2.8651473
              ],
              [
                101.4311352,
                2.8651503
              ],
              [
                101.4308495,
                2.8648229
              ],
              [
                101.430762,
                2.8649627
              ],
              [
                101.4304874,
                2.8648215
              ],
              [
                101.4303172,
                2.8648291
              ],
              [
                101.4303583,
                2.8650559
              ],
              [
                101.4301547,
                2.8650794
              ]
            ]
          ],
          [
            [
              [
                101.4232331,
                2.8664495
              ],
              [
                101.4232994,
                2.8665132
              ],
              [
                101.4232168,
                2.8664219
              ],
              [
                101.4210894,
                2.8667579
              ],
              [
                101.4212869,
                2.866276
              ],
              [
                101.4209452,
                2.8656614
              ],
              [
                101.4213326,
                2.8647513
              ],
              [
                101.4210376,
                2.8647025
              ],
              [
                101.4213513,
                2.8645894
              ],
              [
                101.4212049,
                2.8643859
              ],
              [
                101.421404,
                2.8644723
              ],
              [
                101.4210904,
                2.8645552
              ],
              [
                101.4215132,
                2.8647319
              ],
              [
                101.4215462,
                2.8643732
              ],
              [
                101.4216061,
                2.8642771
              ],
              [
                101.4214539,
                2.8646023
              ],
              [
                101.4214063,
                2.8646319
              ],
              [
                101.4216586,
                2.8643923
              ],
              [
                101.4220148,
                2.8642109
              ],
              [
                101.4223185,
                2.8644541
              ],
              [
                101.4220835,
                2.8641505
              ],
              [
                101.4224662,
                2.8644721
              ],
              [
                101.4226025,
                2.864539
              ],
              [
                101.422417,
                2.8645448
              ],
              [
                101.422375,
                2.8646832
              ],
              [
                101.4226418,
                2.8648095
              ],
              [
                101.4225207,
                2.8644196
              ],
              [
                101.4224537,
                2.8646499
              ],
              [
                101.4229054,
                2.8648825
              ],
              [
                101.4226282,
                2.8648754
              ],
              [
                101.4228412,
                2.8646394
              ],
              [
                101.4227672,
                2.8649447
              ],
              [
                101.4229293,
                2.8648985
              ],
              [
                101.422871,
                2.8646757
              ],
              [
                101.4228191,
                2.8650571
              ],
              [
                101.4231552,
                2.8648897
              ],
              [
                101.423265,
                2.8648389
              ],
              [
                101.4232064,
                2.864853
              ],
              [
                101.4237064,
                2.865331
              ],
              [
                101.423761,
                2.8654019
              ],
              [
                101.4240041,
                2.8651519
              ],
              [
                101.4237867,
                2.8652259
              ],
              [
                101.4238865,
                2.8651213
              ],
              [
                101.4243144,
                2.8650777
              ],
              [
                101.423978,
                2.8648648
              ],
              [
                101.4244088,
                2.8647238
              ],
              [
                101.4245962,
                2.8645943
              ],
              [
                101.4248825,
                2.864729
              ],
              [
                101.4249534,
                2.8645733
              ],
              [
                101.424985,
                2.8644469
              ],
              [
                101.4246247,
                2.8643207
              ],
              [
                101.4247915,
                2.8642358
              ],
              [
                101.4247828,
                2.8640755
              ],
              [
                101.4250618,
                2.8641257
              ],
              [
                101.4253845,
                2.8645145
              ],
              [
                101.4251605,
                2.8644141
              ],
              [
                101.424073,
                2.8655387
              ],
              [
                101.4233236,
                2.86666
              ]
            ]
          ],
          [
            [
              [
                101.4264854,
                2.8669786
              ],
              [
                101.4247512,
                2.8672506
              ],
              [
                101.423494,
                2.8672886
              ],
              [
                101.423355,
                2.8670933
              ],
              [
                101.425691,
                2.8646374
              ],
              [
                101.4260331,
                2.8646023
              ],
              [
                101.4260052,
                2.8648188
              ],
              [
                101.4264583,
                2.8649335
              ],
              [
                101.4264254,
                2.8651094
              ],
              [
                101.4264782,
                2.8653601
              ],
              [
                101.4267202,
                2.8652004
              ],
              [
                101.4271556,
                2.8654817
              ],
              [
                101.4277208,
                2.8659782
              ],
              [
                101.4276887,
                2.8659571
              ],
              [
                101.4278417,
                2.8661819
              ],
              [
                101.4278197,
                2.8661258
              ],
              [
                101.4279759,
                2.8662434
              ],
              [
                101.4279076,
                2.8662045
              ],
              [
                101.4277442,
                2.8661621
              ],
              [
                101.427992,
                2.866058
              ],
              [
                101.427789,
                2.8662727
              ],
              [
                101.4278122,
                2.8663139
              ],
              [
                101.4275827,
                2.8661517
              ],
              [
                101.427635,
                2.8664469
              ],
              [
                101.4274328,
                2.8661849
              ],
              [
                101.4274303,
                2.8665816
              ],
              [
                101.4276227,
                2.8663254
              ],
              [
                101.4269252,
                2.8666416
              ],
              [
                101.4266803,
                2.8669695
              ],
              [
                101.4266563,
                2.866936
              ],
              [
                101.426524,
                2.8667136
              ],
              [
                101.4265662,
                2.8669501
              ],
              [
                101.4267894,
                2.8670689
              ],
              [
                101.4264565,
                2.8667226
              ],
              [
                101.4267648,
                2.8671441
              ],
              [
                101.4267438,
                2.8669643
              ],
              [
                101.4266068,
                2.8669504
              ],
              [
                101.426781,
                2.8668336
              ],
              [
                101.4267557,
                2.8669471
              ],
              [
                101.4268025,
                2.8671397
              ],
              [
                101.4267297,
                2.8670896
              ]
            ]
          ],
          [
            [
              [
                101.4231411,
                2.8675616
              ],
              [
                101.4242221,
                2.8677298
              ],
              [
                101.4245384,
                2.8677202
              ],
              [
                101.4248967,
                2.86781
              ],
              [
                101.4247177,
                2.8677979
              ],
              [
                101.4251153,
                2.8675066
              ],
              [
                101.4250355,
                2.8678931
              ],
              [
                101.4250113,
                2.8678394
              ],
              [
                101.4246603,
                2.8675913
              ],
              [
                101.4245449,
                2.8676367
              ],
              [
                101.4244912,
                2.8677683
              ],
              [
                101.4244051,
                2.8680297
              ],
              [
                101.4242385,
                2.8677357
              ],
              [
                101.424294,
                2.8679924
              ],
              [
                101.424032,
                2.8678323
              ],
              [
                101.4240389,
                2.8680814
              ],
              [
                101.4240304,
                2.8679069
              ],
              [
                101.4242377,
                2.867992
              ],
              [
                101.424164,
                2.868014
              ],
              [
                101.4239233,
                2.8680878
              ],
              [
                101.4241582,
                2.8678236
              ],
              [
                101.42379,
                2.8678317
              ],
              [
                101.4239697,
                2.86821
              ],
              [
                101.4241153,
                2.8680656
              ],
              [
                101.4237883,
                2.8680181
              ],
              [
                101.4236826,
                2.8680376
              ],
              [
                101.4236619,
                2.8683471
              ],
              [
                101.423857,
                2.8682856
              ],
              [
                101.4235629,
                2.8681843
              ],
              [
                101.4233997,
                2.8683105
              ],
              [
                101.4232274,
                2.8684546
              ],
              [
                101.4234647,
                2.8689014
              ],
              [
                101.4235313,
                2.8686708
              ],
              [
                101.4234212,
                2.868511
              ],
              [
                101.4232336,
                2.8686441
              ],
              [
                101.4233073,
                2.8686754
              ],
              [
                101.4230305,
                2.8687349
              ],
              [
                101.4233191,
                2.8687361
              ],
              [
                101.4233728,
                2.8688594
              ],
              [
                101.4233235,
                2.868717
              ],
              [
                101.4232316,
                2.868855
              ],
              [
                101.4231163,
                2.8689764
              ],
              [
                101.4232487,
                2.8691781
              ],
              [
                101.4232073,
                2.869054
              ],
              [
                101.4232171,
                2.8690109
              ],
              [
                101.42318,
                2.8688862
              ],
              [
                101.4233733,
                2.86917
              ],
              [
                101.4230809,
                2.8692583
              ],
              [
                101.4234135,
                2.8692636
              ],
              [
                101.4232964,
                2.8696201
              ],
              [
                101.4235879,
                2.8693402
              ],
              [
                101.423634,
                2.8693821
              ],
              [
                101.4234247,
                2.869613
              ],
              [
                101.4236007,
                2.8696195
              ],
              [
                101.4232958,
                2.8695517
              ],
              [
                101.4237198,
                2.8696945
              ],
              [
                101.4235989,
                2.8694352
              ],
              [
                101.4233951,
                2.8696323
              ],
              [
                101.4237115,
                2.869558
              ],
              [
                101.4234769,
                2.869584
              ],
              [
                101.4235639,
                2.8698922
              ],
              [
                101.4236022,
                2.8697369
              ],
              [
                101.4232344,
                2.869659
              ],
              [
                101.4234634,
                2.8696251
              ],
              [
                101.4234348,
                2.8696339
              ],
              [
                101.4231436,
                2.8699116
              ],
              [
                101.4230696,
                2.8698863
              ],
              [
                101.4232831,
                2.8696227
              ],
              [
                101.4231914,
                2.8698297
              ],
              [
                101.4233095,
                2.8700418
              ],
              [
                101.4229389,
                2.8701817
              ],
              [
                101.4229293,
                2.8699332
              ],
              [
                101.422834,
                2.8701586
              ],
              [
                101.4231486,
                2.8702795
              ],
              [
                101.4231902,
                2.8701416
              ],
              [
                101.42299,
                2.8703752
              ],
              [
                101.4228781,
                2.8704094
              ],
              [
                101.4232646,
                2.8705572
              ],
              [
                101.4232898,
                2.8708904
              ],
              [
                101.4229649,
                2.8707535
              ],
              [
                101.4230901,
                2.8711353
              ],
              [
                101.4232908,
                2.8708625
              ],
              [
                101.4233268,
                2.8712219
              ],
              [
                101.4230546,
                2.8712239
              ],
              [
                101.4230868,
                2.8709334
              ],
              [
                101.4225677,
                2.8711792
              ],
              [
                101.421788,
                2.8710947
              ],
              [
                101.4220168,
                2.871
              ],
              [
                101.4214103,
                2.8708879
              ],
              [
                101.4212153,
                2.8712658
              ],
              [
                101.4212168,
                2.871186
              ],
              [
                101.4213036,
                2.871239
              ],
              [
                101.4211628,
                2.8707858
              ],
              [
                101.4210239,
                2.8698828
              ],
              [
                101.4209784,
                2.8692187
              ],
              [
                101.4213048,
                2.8693875
              ],
              [
                101.4213262,
                2.8687636
              ],
              [
                101.4212847,
                2.8683017
              ],
              [
                101.4212435,
                2.8679481
              ],
              [
                101.4212372,
                2.8677385
              ],
              [
                101.421282,
                2.8676914
              ],
              [
                101.4215267,
                2.8677114
              ],
              [
                101.4226116,
                2.8675345
              ],
              [
                101.4233905,
                2.8675255
              ]
            ]
          ]
        ]
      }
    },
    {
      "type": "Feature",
      "properties": {
        "field_gis": "P12A",
        "field_no": "2012A",
        "field_sem": "E0632012A",
        "estate": "Ldg Digital",
        "division": "DIVISION B",
        "field_type": "OP-MATURE",
        "ha_gis": 68.3887
      },
      "geometry": {
        "type": "MultiPolygon",
        "coordinates": [
          [
            [
              [
                101.3897242,
                2.8645431
              ],
              [
                101.3907541,
                2.8647402
              ],
              [
                101.3906735,
                2.864609
              ],
              [
                101.3907451,
                2.8644738
              ],
              [
                101.392015,
                2.8644505
              ],
              [
                101.393266,
                2.8645865
              ],
              [
                101.3931998,
                2.8644235
              ],
              [
                101.3937841,
                2.864482
              ],
              [
                101.394215,
                2.8644856
              ],
              [
                101.3940238,
                2.8644461
              ],
              [
                101.3938368,
                2.8646195
              ],
              [
                101.3940952,
                2.8647992
              ],
              [
                101.3940416,
                2.8655423
              ],
              [
                101.3938701,
                2.8663002
              ],
              [
                101.3857828,
                2.8662534
              ],
              [
                101.3857929,
                2.8664087
              ],
              [
                101.3861365,
                2.8663385
              ],
              [
                101.3861105,
                2.8655659
              ],
              [
                101.3861056,
                2.8658389
              ],
              [
                101.3858451,
                2.8653289
              ],
              [
                101.3859487,
                2.8653177
              ],
              [
                101.3857464,
                2.8646849
              ],
              [
                101.3857329,
                2.8648112
              ],
              [
                101.3861243,
                2.8645266
              ],
              [
                101.3899022,
                2.8648391
              ]
            ]
          ],
          [
            [
              [
                101.3869362,
                2.8673223
              ],
              [
                101.3903904,
                2.8673051
              ],
              [
                101.3907977,
                2.8673236
              ],
              [
                101.391481,
                2.8673344
              ],
              [
                101.3916983,
                2.8675135
              ],
              [
                101.3915933,
                2.8672616
              ],
              [
                101.3927438,
                2.8675197
              ],
              [
                101.3940652,
                2.8675983
              ],
              [
                101.3942101,
                2.8674052
              ],
              [
                101.3939182,
                2.8678754
              ],
              [
                101.3941348,
                2.8679362
              ],
              [
                101.3940813,
                2.8676791
              ],
              [
                101.3939658,
                2.8687609
              ],
              [
                101.3940229,
                2.869543
              ],
              [
                101.3940038,
                2.8695263
              ],
              [
                101.3940405,
                2.8704851
              ],
              [
                101.393831,
                2.8712554
              ],
              [
                101.3940084,
                2.8712975
              ],
              [
                101.3937056,
                2.8710395
              ],
              [
                101.3925101,
                2.8710954
              ],
              [
                101.3923196,
                2.8710937
              ],
              [
                101.391835,
                2.8709464
              ],
              [
                101.3912742,
                2.8710451
              ],
              [
                101.3891882,
                2.8712517
              ],
              [
                101.3882893,
                2.8711376
              ],
              [
                101.3881559,
                2.8710999
              ],
              [
                101.3872918,
                2.8711312
              ],
              [
                101.3858215,
                2.8712078
              ],
              [
                101.3858109,
                2.8710687
              ],
              [
                101.3857687,
                2.8704639
              ],
              [
                101.3859631,
                2.8694537
              ],
              [
                101.3861189,
                2.8696922
              ],
              [
                101.385727,
                2.8694994
              ],
              [
                101.3857089,
                2.8694473
              ],
              [
                101.3860063,
                2.8687253
              ],
              [
                101.3859587,
                2.8680108
              ],
              [
                101.3857335,
                2.8677337
              ],
              [
                101.3860745,
                2.8673957
              ],
              [
                101.3860966,
                2.8672159
              ],
              [
                101.3869895,
                2.867514
              ]
            ]
          ]
        ]
      }
    },
    {
      "type": "Feature",
      "properties": {
        "field_gis": "P12B",
        "field_no": "2012B",
        "field_sem": "E0632012B",
        "estate": "Ldg Digital",
        "division": "DIVISION B",
        "field_type": "OP-MATURE",
        "ha_gis": 70.0448
      },
      "geometry": {
        "type": "MultiPolygon",
        "coordinates": [
          [
            [
              [
                101.3960008,
                2.8646242
              ],
              [
                101.3995913,
                2.8646391
              ],
              [
                101.4019722,
                2.8647505
              ],
              [
                101.4030907,
                2.8645589
              ],
              [
                101.4033823,
                2.8647296
              ],
              [
                101.4032475,
                2.8646697
              ],
              [
                101.4034964,
                2.8647209
              ],
              [
                101.4036026,
                2.8652644
              ],
              [
                101.4034598,
                2.8655234
              ],
              [
                101.4035525,
                2.8654947
              ],
              [
                101.4034515,
                2.8663188
              ],
              [
                101.3949062,
                2.8664319
              ],
              [
                101.3949676,
                2.8662644
              ],
              [
                101.3949218,
                2.865624
              ],
              [
                101.3951027,
                2.8651413
              ],
              [
                101.3952901,
                2.8645049
              ],
              [
                101.3950762,
                2.8648548
              ],
              [
                101.3950251,
                2.8648214
              ],
              [
                101.3959787,
                2.864865
              ]
            ]
          ],
          [
            [
              [
                101.3979081,
                2.8675957
              ],
              [
                101.3995794,
                2.8676126
              ],
              [
                101.3996389,
                2.8674289
              ],
              [
                101.4011508,
                2.8674809
              ],
              [
                101.4013352,
                2.8677266
              ],
              [
                101.4034807,
                2.8677952
              ],
              [
                101.4035052,
                2.8678803
              ],
              [
                101.4033156,
                2.8677839
              ],
              [
                101.4033061,
                2.8679874
              ],
              [
                101.4034553,
                2.8687231
              ],
              [
                101.4034454,
                2.8691447
              ],
              [
                101.4033174,
                2.8696214
              ],
              [
                101.4034325,
                2.869446
              ],
              [
                101.4032186,
                2.8704599
              ],
              [
                101.4034618,
                2.8710322
              ],
              [
                101.403489,
                2.8711936
              ],
              [
                101.3987547,
                2.8710759
              ],
              [
                101.3982448,
                2.8712591
              ],
              [
                101.3979984,
                2.8711614
              ],
              [
                101.3973183,
                2.8710384
              ],
              [
                101.3962839,
                2.870924
              ],
              [
                101.3957732,
                2.8710872
              ],
              [
                101.3949197,
                2.8711643
              ],
              [
                101.3950447,
                2.8709226
              ],
              [
                101.3949125,
                2.8703322
              ],
              [
                101.3949896,
                2.8694933
              ],
              [
                101.3948737,
                2.8696296
              ],
              [
                101.395009,
                2.8687379
              ],
              [
                101.3952838,
                2.8680084
              ],
              [
                101.3950289,
                2.8679218
              ],
              [
                101.395065,
                2.8678372
              ],
              [
                101.3952763,
                2.8677201
              ],
              [
                101.3950272,
                2.8676069
              ],
              [
                101.3979595,
                2.8676028
              ]
            ]
          ]
        ]
      }
    },
    {
      "type": "Feature",
      "properties": {
        "field_gis": "P14A",
        "field_no": "2014A",
        "field_sem": "E0632014A",
        "estate": "Ldg Digital",
        "division": "DIVISION B",
        "field_type": "OP-MATURE",
        "ha_gis": 64.8711
      },
      "geometry": {
        "type": "MultiPolygon",
        "coordinates": [
          [
            [
              [
                101.4064492,
                2.8645752
              ],
              [
                101.4065121,
                2.8645774
              ],
              [
                101.4064259,
                2.8648358
              ],
              [
                101.406179,
                2.8645976
              ],
              [
                101.4060569,
                2.86516
              ],
              [
                101.4064013,
                2.8655193
              ],
              [
                101.4060151,
                2.865904
              ],
              [
                101.4062127,
                2.8660841
              ],
              [
                101.4062577,
                2.8661588
              ],
              [
                101.4062507,
                2.8664026
              ],
              [
                101.4061827,
                2.8665846
              ],
              [
                101.4045555,
                2.8665404
              ],
              [
                101.404577,
                2.866524
              ],
              [
                101.404591,
                2.8654897
              ],
              [
                101.4043529,
                2.865465
              ],
              [
                101.4044113,
                2.8653736
              ],
              [
                101.4043899,
                2.8648958
              ],
              [
                101.4045165,
                2.8644503
              ],
              [
                101.4044887,
                2.8647055
              ],
              [
                101.4061064,
                2.8647709
              ]
            ]
          ],
          [
            [
              [
                101.4128285,
                2.864673
              ],
              [
                101.4127496,
                2.864721
              ],
              [
                101.4128311,
                2.8665825
              ],
              [
                101.4124094,
                2.8665769
              ],
              [
                101.4089775,
                2.8665361
              ],
              [
                101.4068559,
                2.8663783
              ],
              [
                101.4067263,
                2.8667261
              ],
              [
                101.4067878,
                2.8665302
              ],
              [
                101.4068444,
                2.866571
              ],
              [
                101.4068706,
                2.8656821
              ],
              [
                101.4067048,
                2.8657797
              ],
              [
                101.4068045,
                2.865375
              ],
              [
                101.4068982,
                2.8654607
              ],
              [
                101.4068675,
                2.8654298
              ],
              [
                101.4066158,
                2.8648052
              ],
              [
                101.4067741,
                2.864562
              ],
              [
                101.4070163,
                2.8645997
              ],
              [
                101.4066843,
                2.8646725
              ],
              [
                101.4069756,
                2.8648685
              ],
              [
                101.4070335,
                2.8645046
              ],
              [
                101.40739,
                2.864535
              ],
              [
                101.4088886,
                2.8648171
              ],
              [
                101.4088912,
                2.8646466
              ],
              [
                101.4097383,
                2.8646379
              ],
              [
                101.4098585,
                2.8647962
              ],
              [
                101.410352,
                2.8645262
              ],
              [
                101.4110159,
                2.8647622
              ],
              [
                101.4120413,
                2.8646855
              ],
              [
                101.4122697,
                2.8644492
              ],
              [
                101.4128098,
                2.8647284
              ],
              [
                101.4128319,
                2.8647905
              ]
            ]
          ],
          [
            [
              [
                101.4103354,
                2.8715061
              ],
              [
                101.4047291,
                2.8714027
              ],
              [
                101.404547,
                2.871255
              ],
              [
                101.404737,
                2.871283
              ],
              [
                101.4043621,
                2.8704948
              ],
              [
                101.4045331,
                2.869614
              ],
              [
                101.4046367,
                2.8696107
              ],
              [
                101.404491,
                2.8689303
              ],
              [
                101.4047437,
                2.8688963
              ],
              [
                101.4043433,
                2.8678726
              ],
              [
                101.4046967,
                2.8677689
              ],
              [
                101.4045915,
                2.8677317
              ],
              [
                101.4045602,
                2.8674895
              ],
              [
                101.4057814,
                2.8674866
              ],
              [
                101.4058131,
                2.8678496
              ],
              [
                101.4058885,
                2.867517
              ],
              [
                101.4060056,
                2.8676004
              ],
              [
                101.4058703,
                2.8681372
              ],
              [
                101.4060727,
                2.8685833
              ],
              [
                101.4064916,
                2.8686251
              ],
              [
                101.4063086,
                2.8686264
              ],
              [
                101.4064153,
                2.8689044
              ],
              [
                101.4063727,
                2.8688956
              ],
              [
                101.4064984,
                2.8691056
              ],
              [
                101.4065398,
                2.8689282
              ],
              [
                101.4065642,
                2.8690871
              ],
              [
                101.4070226,
                2.8691894
              ],
              [
                101.4069693,
                2.8691495
              ],
              [
                101.4072376,
                2.8691387
              ],
              [
                101.4074471,
                2.8691878
              ],
              [
                101.4075445,
                2.8689306
              ],
              [
                101.4079737,
                2.8688482
              ],
              [
                101.407869,
                2.8685432
              ],
              [
                101.4081173,
                2.8682918
              ],
              [
                101.4081255,
                2.8683067
              ],
              [
                101.4079057,
                2.8680701
              ],
              [
                101.407865,
                2.86839
              ],
              [
                101.4081518,
                2.8681775
              ],
              [
                101.4082797,
                2.8682447
              ],
              [
                101.408363,
                2.8681449
              ],
              [
                101.4080673,
                2.8678207
              ],
              [
                101.4085518,
                2.8677318
              ],
              [
                101.4088227,
                2.8676698
              ],
              [
                101.4086208,
                2.8677889
              ],
              [
                101.4096545,
                2.8676447
              ],
              [
                101.4097616,
                2.8675507
              ],
              [
                101.4098042,
                2.8677634
              ],
              [
                101.4104775,
                2.8677567
              ],
              [
                101.4114333,
                2.8677217
              ],
              [
                101.4119854,
                2.8679042
              ],
              [
                101.4127049,
                2.8677926
              ],
              [
                101.4125801,
                2.867984
              ],
              [
                101.4128302,
                2.8680391
              ],
              [
                101.4125059,
                2.8690243
              ],
              [
                101.4126525,
                2.869374
              ],
              [
                101.4123781,
                2.8690656
              ],
              [
                101.4124552,
                2.8693073
              ],
              [
                101.4121015,
                2.8693886
              ],
              [
                101.4120994,
                2.8692023
              ],
              [
                101.4119506,
                2.8691205
              ],
              [
                101.4122141,
                2.8691474
              ],
              [
                101.4119405,
                2.8692121
              ],
              [
                101.4119191,
                2.869351
              ],
              [
                101.4121756,
                2.8692877
              ],
              [
                101.4119828,
                2.8697216
              ],
              [
                101.4119848,
                2.8695895
              ],
              [
                101.4121429,
                2.8701221
              ],
              [
                101.4122803,
                2.8698197
              ],
              [
                101.4122061,
                2.8701807
              ],
              [
                101.4124531,
                2.8704259
              ],
              [
                101.4124142,
                2.870471
              ],
              [
                101.4121381,
                2.8707058
              ],
              [
                101.4123021,
                2.8706508
              ],
              [
                101.4121894,
                2.8708093
              ],
              [
                101.4124539,
                2.8711341
              ],
              [
                101.4125187,
                2.8710805
              ],
              [
                101.4124351,
                2.8710287
              ],
              [
                101.4124487,
                2.8714884
              ],
              [
                101.412354,
                2.8714407
              ],
              [
                101.4121479,
                2.8715635
              ],
              [
                101.4114885,
                2.87141
              ],
              [
                101.4107531,
                2.8713393
              ],
              [
                101.4105819,
                2.8713616
              ]
            ]
          ]
        ]
      }
    },
    {
      "type": "Feature",
      "properties": {
        "field_gis": "P14C",
        "field_no": "2014C",
        "field_sem": "E0632014C",
        "estate": "Ldg Digital",
        "division": "DIVISION B",
        "field_type": "OP-MATURE",
        "ha_gis": 9.33444
      },
      "geometry": {
        "type": "MultiPolygon",
        "coordinates": [
          [
            [
              [
                101.4204015,
                2.8607137
              ],
              [
                101.4202187,
                2.8607457
              ],
              [
                101.4203274,
                2.860953
              ],
              [
                101.420334,
                2.8608537
              ],
              [
                101.4204318,
                2.8610142
              ],
              [
                101.4205392,
                2.861178
              ],
              [
                101.4202696,
                2.8608692
              ],
              [
                101.420565,
                2.8609265
              ],
              [
                101.4202815,
                2.8611853
              ],
              [
                101.4206931,
                2.8613827
              ],
              [
                101.4204556,
                2.861041
              ],
              [
                101.4201167,
                2.8613171
              ],
              [
                101.4203315,
                2.8609287
              ],
              [
                101.4200435,
                2.8609997
              ],
              [
                101.4202343,
                2.8608491
              ],
              [
                101.4201313,
                2.8609391
              ],
              [
                101.4199753,
                2.8607889
              ],
              [
                101.4199198,
                2.8607045
              ],
              [
                101.4199093,
                2.8608458
              ],
              [
                101.4196682,
                2.8607158
              ],
              [
                101.419764,
                2.8604446
              ],
              [
                101.4196434,
                2.8607408
              ],
              [
                101.4195375,
                2.8605173
              ],
              [
                101.4197333,
                2.8606691
              ],
              [
                101.4194776,
                2.8607182
              ],
              [
                101.4195849,
                2.8603268
              ],
              [
                101.4196225,
                2.8606778
              ],
              [
                101.4195502,
                2.8605638
              ],
              [
                101.4192441,
                2.8602594
              ],
              [
                101.4191504,
                2.8605474
              ],
              [
                101.4193262,
                2.8602022
              ],
              [
                101.4194927,
                2.8602434
              ],
              [
                101.4194313,
                2.8604944
              ],
              [
                101.4194068,
                2.860214
              ],
              [
                101.4194239,
                2.8603839
              ],
              [
                101.4193655,
                2.8601805
              ],
              [
                101.419625,
                2.8602323
              ],
              [
                101.4195159,
                2.8601442
              ],
              [
                101.4196583,
                2.8601587
              ],
              [
                101.4194694,
                2.8603187
              ],
              [
                101.4196273,
                2.8601578
              ],
              [
                101.4196784,
                2.8599659
              ],
              [
                101.4198909,
                2.8602337
              ],
              [
                101.4199517,
                2.8601468
              ],
              [
                101.419722,
                2.8602112
              ],
              [
                101.4196666,
                2.8602325
              ],
              [
                101.4196424,
                2.8602557
              ],
              [
                101.4198179,
                2.8601508
              ],
              [
                101.4200165,
                2.8598442
              ],
              [
                101.4201462,
                2.8599348
              ],
              [
                101.4198896,
                2.8600349
              ],
              [
                101.4201048,
                2.8600575
              ],
              [
                101.420115,
                2.8599024
              ],
              [
                101.4201654,
                2.8600286
              ],
              [
                101.4200946,
                2.8600628
              ],
              [
                101.4203452,
                2.8604404
              ],
              [
                101.4200364,
                2.8602681
              ],
              [
                101.4201186,
                2.8605226
              ],
              [
                101.4200754,
                2.8604972
              ],
              [
                101.4203327,
                2.8605951
              ],
              [
                101.4201587,
                2.8606574
              ]
            ]
          ],
          [
            [
              [
                101.4202586,
                2.8616537
              ],
              [
                101.4203107,
                2.8613815
              ],
              [
                101.4202717,
                2.8616184
              ],
              [
                101.4202412,
                2.8613172
              ],
              [
                101.4204616,
                2.8614665
              ],
              [
                101.4204119,
                2.8610951
              ],
              [
                101.4204459,
                2.861173
              ],
              [
                101.4208062,
                2.8612898
              ],
              [
                101.4207293,
                2.8613295
              ],
              [
                101.4208562,
                2.8611788
              ],
              [
                101.4207553,
                2.8616195
              ],
              [
                101.4210146,
                2.8612849
              ],
              [
                101.4209521,
                2.8612781
              ],
              [
                101.4208784,
                2.8615835
              ],
              [
                101.420736,
                2.8613663
              ],
              [
                101.420692,
                2.861426
              ],
              [
                101.420857,
                2.8615488
              ],
              [
                101.4204128,
                2.8617256
              ]
            ]
          ],
          [
            [
              [
                101.4215764,
                2.8612583
              ],
              [
                101.4216041,
                2.8611487
              ],
              [
                101.4227084,
                2.8623087
              ],
              [
                101.4224548,
                2.8620027
              ],
              [
                101.4221214,
                2.8625467
              ],
              [
                101.4219277,
                2.8626332
              ],
              [
                101.4221532,
                2.8628247
              ],
              [
                101.4222125,
                2.8619292
              ],
              [
                101.42163,
                2.8618988
              ],
              [
                101.4218784,
                2.8621155
              ],
              [
                101.4219676,
                2.8615463
              ],
              [
                101.4219914,
                2.8616721
              ],
              [
                101.4216562,
                2.8615991
              ],
              [
                101.4213292,
                2.8618519
              ],
              [
                101.4215221,
                2.8618375
              ],
              [
                101.4215012,
                2.861808
              ],
              [
                101.4216334,
                2.8615739
              ],
              [
                101.4212791,
                2.8616725
              ],
              [
                101.4215308,
                2.8615751
              ],
              [
                101.421334,
                2.8614451
              ],
              [
                101.4211841,
                2.8615902
              ],
              [
                101.4213276,
                2.8615829
              ],
              [
                101.4214165,
                2.8613088
              ],
              [
                101.4214336,
                2.8615898
              ],
              [
                101.421094,
                2.8613981
              ],
              [
                101.4212634,
                2.8614555
              ],
              [
                101.4211006,
                2.8613351
              ],
              [
                101.421205,
                2.8614877
              ],
              [
                101.4209087,
                2.8613556
              ],
              [
                101.4212077,
                2.8614866
              ],
              [
                101.4209059,
                2.8614775
              ],
              [
                101.4209304,
                2.8612711
              ],
              [
                101.4211214,
                2.8612054
              ],
              [
                101.4209193,
                2.8615514
              ],
              [
                101.4207712,
                2.861173
              ],
              [
                101.4210125,
                2.8614155
              ],
              [
                101.4208919,
                2.8612067
              ],
              [
                101.4206632,
                2.8613379
              ],
              [
                101.4207151,
                2.861082
              ],
              [
                101.4207754,
                2.8612625
              ],
              [
                101.4206355,
                2.8612125
              ],
              [
                101.4206809,
                2.8609573
              ],
              [
                101.4203959,
                2.8607537
              ],
              [
                101.4207698,
                2.8609424
              ],
              [
                101.4204583,
                2.8608431
              ],
              [
                101.4204015,
                2.860649
              ],
              [
                101.4207598,
                2.8608437
              ],
              [
                101.4205501,
                2.8604985
              ],
              [
                101.4204074,
                2.860641
              ],
              [
                101.4206337,
                2.8607546
              ],
              [
                101.4205944,
                2.8606195
              ],
              [
                101.420287,
                2.8605291
              ],
              [
                101.4207139,
                2.8602322
              ],
              [
                101.4203769,
                2.8604634
              ],
              [
                101.4204146,
                2.8604654
              ],
              [
                101.4203941,
                2.8601806
              ],
              [
                101.4204473,
                2.860392
              ],
              [
                101.4204331,
                2.8601275
              ],
              [
                101.4202944,
                2.8603392
              ],
              [
                101.4206089,
                2.8602321
              ],
              [
                101.4205149,
                2.8601983
              ],
              [
                101.4203027,
                2.8598871
              ],
              [
                101.4204259,
                2.8600898
              ],
              [
                101.4204232,
                2.8599157
              ],
              [
                101.4205691,
                2.860154
              ],
              [
                101.4201835,
                2.8601146
              ],
              [
                101.4201157,
                2.8598288
              ],
              [
                101.4203531,
                2.86
              ],
              [
                101.4203431,
                2.8599374
              ],
              [
                101.4203156,
                2.8598794
              ],
              [
                101.4200461,
                2.8598877
              ],
              [
                101.420113,
                2.8596588
              ],
              [
                101.4199634,
                2.8597675
              ],
              [
                101.4201968,
                2.8599598
              ],
              [
                101.4201514,
                2.8595489
              ],
              [
                101.4198695,
                2.859633
              ],
              [
                101.419891,
                2.8598583
              ],
              [
                101.4200937,
                2.8599754
              ],
              [
                101.4198827,
                2.8597695
              ],
              [
                101.4196349,
                2.859826
              ],
              [
                101.4198442,
                2.8596243
              ],
              [
                101.4197184,
                2.8599582
              ],
              [
                101.4195386,
                2.8599636
              ],
              [
                101.4198161,
                2.860018
              ],
              [
                101.4194777,
                2.8598103
              ],
              [
                101.4193933,
                2.8601727
              ],
              [
                101.419759,
                2.859875
              ],
              [
                101.419484,
                2.8598917
              ],
              [
                101.4193295,
                2.859973
              ],
              [
                101.4194798,
                2.86036
              ],
              [
                101.4195162,
                2.8600968
              ],
              [
                101.4195236,
                2.8603296
              ],
              [
                101.4194969,
                2.8600933
              ],
              [
                101.4192367,
                2.8602906
              ],
              [
                101.4190281,
                2.8603661
              ],
              [
                101.4193104,
                2.8601766
              ],
              [
                101.4191794,
                2.8604029
              ],
              [
                101.4189492,
                2.860467
              ],
              [
                101.4189328,
                2.8600893
              ],
              [
                101.4189104,
                2.8603042
              ],
              [
                101.4191155,
                2.8602292
              ],
              [
                101.4190912,
                2.8604163
              ],
              [
                101.418862,
                2.8600181
              ],
              [
                101.4186698,
                2.8600161
              ],
              [
                101.4188564,
                2.860067
              ],
              [
                101.4185946,
                2.8603791
              ],
              [
                101.4184508,
                2.8604413
              ],
              [
                101.4184742,
                2.8603723
              ],
              [
                101.4183504,
                2.8603755
              ],
              [
                101.4182786,
                2.8602702
              ],
              [
                101.4184594,
                2.8604862
              ],
              [
                101.4185859,
                2.8602603
              ],
              [
                101.4182183,
                2.8602301
              ],
              [
                101.4180765,
                2.8601901
              ],
              [
                101.4184081,
                2.8602582
              ],
              [
                101.4180728,
                2.8605601
              ],
              [
                101.4183322,
                2.860337
              ],
              [
                101.4180093,
                2.8606084
              ],
              [
                101.4181205,
                2.8606625
              ],
              [
                101.4180083,
                2.8607417
              ],
              [
                101.4181023,
                2.8608081
              ],
              [
                101.4180783,
                2.8605147
              ],
              [
                101.4178244,
                2.8605867
              ],
              [
                101.4178709,
                2.8609106
              ],
              [
                101.4179203,
                2.8607551
              ],
              [
                101.4177009,
                2.8607627
              ],
              [
                101.4175197,
                2.8608639
              ],
              [
                101.4178033,
                2.8608338
              ],
              [
                101.4175084,
                2.8609949
              ],
              [
                101.4176055,
                2.8612234
              ],
              [
                101.4173292,
                2.8613563
              ],
              [
                101.417383,
                2.861032
              ],
              [
                101.4172687,
                2.861253
              ],
              [
                101.4174842,
                2.8615481
              ],
              [
                101.4170907,
                2.8615436
              ],
              [
                101.4174231,
                2.8611789
              ],
              [
                101.4169991,
                2.8616163
              ],
              [
                101.4173172,
                2.8614752
              ],
              [
                101.4173284,
                2.8616328
              ],
              [
                101.4171179,
                2.8616072
              ],
              [
                101.4167768,
                2.8614575
              ],
              [
                101.4167376,
                2.8616018
              ],
              [
                101.4168591,
                2.8613851
              ],
              [
                101.4167975,
                2.8614622
              ],
              [
                101.4166391,
                2.8616739
              ],
              [
                101.4165795,
                2.8614938
              ],
              [
                101.416815,
                2.8616339
              ],
              [
                101.4169168,
                2.8615001
              ],
              [
                101.416518,
                2.8619182
              ],
              [
                101.4168494,
                2.8618448
              ],
              [
                101.4164808,
                2.8617016
              ],
              [
                101.4166084,
                2.8616818
              ],
              [
                101.4165187,
                2.8617518
              ],
              [
                101.4166887,
                2.8619533
              ],
              [
                101.4166106,
                2.8619812
              ],
              [
                101.4164663,
                2.8618677
              ],
              [
                101.4165051,
                2.8620825
              ],
              [
                101.4168231,
                2.8621114
              ],
              [
                101.4166873,
                2.8619429
              ],
              [
                101.4165737,
                2.8620186
              ],
              [
                101.4165665,
                2.8621939
              ],
              [
                101.4165986,
                2.8619133
              ],
              [
                101.4167157,
                2.8620257
              ],
              [
                101.4167401,
                2.8618035
              ],
              [
                101.4168785,
                2.8619864
              ],
              [
                101.4169249,
                2.8618519
              ],
              [
                101.4167212,
                2.8620979
              ],
              [
                101.4169583,
                2.862053
              ],
              [
                101.4171486,
                2.8617526
              ],
              [
                101.4170597,
                2.8620974
              ],
              [
                101.4169723,
                2.8618788
              ],
              [
                101.4173383,
                2.8618107
              ],
              [
                101.4173533,
                2.861704
              ],
              [
                101.4171923,
                2.861677
              ],
              [
                101.4174619,
                2.8620069
              ],
              [
                101.4174288,
                2.8617595
              ],
              [
                101.4171887,
                2.8618609
              ],
              [
                101.4172979,
                2.8621009
              ],
              [
                101.4175625,
                2.861741
              ],
              [
                101.4176792,
                2.8617918
              ],
              [
                101.4177116,
                2.861795
              ],
              [
                101.4174979,
                2.8617672
              ],
              [
                101.4173897,
                2.8618308
              ],
              [
                101.4175997,
                2.8617056
              ],
              [
                101.4178128,
                2.8617137
              ],
              [
                101.4177375,
                2.8618654
              ],
              [
                101.4177149,
                2.8618536
              ],
              [
                101.4174602,
                2.8618528
              ],
              [
                101.4175061,
                2.8618505
              ],
              [
                101.4178888,
                2.8616029
              ],
              [
                101.4175008,
                2.8615518
              ],
              [
                101.4175785,
                2.8616637
              ],
              [
                101.4174985,
                2.8616362
              ],
              [
                101.4175173,
                2.861568
              ],
              [
                101.4177915,
                2.8615149
              ],
              [
                101.4174524,
                2.861477
              ],
              [
                101.4176019,
                2.8617172
              ],
              [
                101.4176882,
                2.8617363
              ],
              [
                101.417579,
                2.8617465
              ],
              [
                101.417437,
                2.8618008
              ],
              [
                101.4174918,
                2.8617401
              ],
              [
                101.4175012,
                2.861688
              ],
              [
                101.4173077,
                2.8614272
              ],
              [
                101.4175857,
                2.8614313
              ],
              [
                101.4175299,
                2.8613838
              ],
              [
                101.4177339,
                2.8612746
              ],
              [
                101.417601,
                2.8614389
              ],
              [
                101.4177552,
                2.8613642
              ],
              [
                101.4175825,
                2.8613957
              ],
              [
                101.4174519,
                2.8611513
              ],
              [
                101.417782,
                2.8611448
              ],
              [
                101.4176653,
                2.8613122
              ],
              [
                101.417682,
                2.8610408
              ],
              [
                101.4177323,
                2.8614018
              ],
              [
                101.4175911,
                2.8611937
              ],
              [
                101.4177009,
                2.8614711
              ],
              [
                101.4178953,
                2.8611546
              ],
              [
                101.4176474,
                2.8611883
              ],
              [
                101.4179627,
                2.8614185
              ],
              [
                101.4180186,
                2.8612207
              ],
              [
                101.4176412,
                2.8613334
              ],
              [
                101.4178613,
                2.8612871
              ],
              [
                101.4176888,
                2.8612312
              ],
              [
                101.4178336,
                2.861388
              ],
              [
                101.4178658,
                2.8610697
              ],
              [
                101.4176689,
                2.8610353
              ],
              [
                101.417662,
                2.8611849
              ],
              [
                101.4182505,
                2.8611512
              ],
              [
                101.4185123,
                2.8614261
              ],
              [
                101.4183395,
                2.8614275
              ],
              [
                101.4184217,
                2.861238
              ],
              [
                101.4184987,
                2.8612368
              ],
              [
                101.4185203,
                2.8611359
              ],
              [
                101.4185506,
                2.8611173
              ],
              [
                101.4186633,
                2.8624282
              ],
              [
                101.4186122,
                2.8621165
              ],
              [
                101.4185012,
                2.8624116
              ],
              [
                101.4182165,
                2.8620837
              ],
              [
                101.4175776,
                2.86216
              ],
              [
                101.4171741,
                2.8621621
              ],
              [
                101.4170508,
                2.8624775
              ],
              [
                101.4171453,
                2.8623895
              ],
              [
                101.4163897,
                2.8622072
              ],
              [
                101.4162837,
                2.862344
              ],
              [
                101.4162876,
                2.8622513
              ],
              [
                101.4160563,
                2.8622658
              ],
              [
                101.4161842,
                2.8622151
              ],
              [
                101.4159541,
                2.8621435
              ],
              [
                101.4160548,
                2.8616982
              ],
              [
                101.4162825,
                2.8615968
              ],
              [
                101.4166578,
                2.8613215
              ],
              [
                101.417058,
                2.8608932
              ],
              [
                101.4181668,
                2.8600937
              ],
              [
                101.418237,
                2.8598893
              ],
              [
                101.4186011,
                2.8596943
              ],
              [
                101.4185881,
                2.859531
              ],
              [
                101.4186163,
                2.8597415
              ],
              [
                101.4185574,
                2.8595986
              ],
              [
                101.4189552,
                2.859577
              ],
              [
                101.4190527,
                2.8594878
              ],
              [
                101.4188669,
                2.8592825
              ],
              [
                101.4192996,
                2.8591145
              ],
              [
                101.4195763,
                2.8590442
              ],
              [
                101.4192811,
                2.8591265
              ],
              [
                101.419561,
                2.8591062
              ],
              [
                101.419481,
                2.8590705
              ],
              [
                101.4197205,
                2.8589628
              ],
              [
                101.4198265,
                2.858942
              ],
              [
                101.4197012,
                2.8589038
              ],
              [
                101.4196653,
                2.8589445
              ],
              [
                101.4203611,
                2.8595257
              ],
              [
                101.4210128,
                2.8605948
              ],
              [
                101.421674,
                2.8609152
              ]
            ]
          ]
        ]
      }
    },
    {
      "type": "Feature",
      "properties": {
        "field_gis": "P15B",
        "field_no": "2015B",
        "field_sem": "E0632015B",
        "estate": "Ldg Digital",
        "division": "DIVISION B",
        "field_type": "OP-MATURE",
        "ha_gis": 71.2206
      },
      "geometry": {
        "type": "MultiPolygon",
        "coordinates": [
          [
            [
              [
                101.4129155,
                2.8838164
              ],
              [
                101.4131553,
                2.8765184
              ],
              [
                101.4128903,
                2.8767385
              ],
              [
                101.4139364,
                2.8766702
              ],
              [
                101.4138083,
                2.876912
              ],
              [
                101.4136543,
                2.8811964
              ],
              [
                101.4139249,
                2.8816348
              ],
              [
                101.4139241,
                2.8813499
              ],
              [
                101.4138918,
                2.8840506
              ],
              [
                101.4139786,
                2.8847724
              ],
              [
                101.4136767,
                2.8846058
              ],
              [
                101.4129519,
                2.8845591
              ],
              [
                101.4131171,
                2.8846935
              ],
              [
                101.4130577,
                2.8840153
              ]
            ]
          ],
          [
            [
              [
                101.4129832,
                2.8847093
              ],
              [
                101.412755,
                2.8925518
              ],
              [
                101.4129865,
                2.8928201
              ],
              [
                101.4127172,
                2.8927345
              ],
              [
                101.4129099,
                2.8924814
              ],
              [
                101.4122702,
                2.8925897
              ],
              [
                101.411279,
                2.8927369
              ],
              [
                101.4107988,
                2.8924985
              ],
              [
                101.4106328,
                2.8928008
              ],
              [
                101.4108439,
                2.8928914
              ],
              [
                101.4107279,
                2.8928866
              ],
              [
                101.4102825,
                2.8926426
              ],
              [
                101.410309,
                2.8928859
              ],
              [
                101.4097941,
                2.8927514
              ],
              [
                101.4097559,
                2.8926634
              ],
              [
                101.4089389,
                2.8926706
              ],
              [
                101.4090696,
                2.8928811
              ],
              [
                101.4089663,
                2.8927769
              ],
              [
                101.4079146,
                2.8924671
              ],
              [
                101.4082124,
                2.8924846
              ],
              [
                101.4080315,
                2.8925913
              ],
              [
                101.4081753,
                2.890981
              ],
              [
                101.4083383,
                2.8890768
              ],
              [
                101.4080704,
                2.8865362
              ],
              [
                101.4080477,
                2.8863342
              ],
              [
                101.4080392,
                2.8846261
              ],
              [
                101.4080587,
                2.8847436
              ],
              [
                101.408157,
                2.884596
              ],
              [
                101.4080082,
                2.8844576
              ],
              [
                101.4087548,
                2.8847795
              ],
              [
                101.4088577,
                2.8848165
              ],
              [
                101.4091226,
                2.8847223
              ],
              [
                101.4099989,
                2.8848036
              ],
              [
                101.4103675,
                2.8846291
              ],
              [
                101.4106064,
                2.8844685
              ],
              [
                101.4112201,
                2.8847455
              ],
              [
                101.4122039,
                2.8845469
              ],
              [
                101.4120625,
                2.8847602
              ],
              [
                101.4129477,
                2.8847985
              ],
              [
                101.4130259,
                2.8847593
              ]
            ]
          ]
        ]
      }
    },
    {
      "type": "Feature",
      "properties": {
        "field_gis": "P15E",
        "field_no": "2015E",
        "field_sem": "E0632015E",
        "estate": "Ldg Digital",
        "division": "DIVISION B",
        "field_type": "OP-MATURE",
        "ha_gis": 58.5688
      },
      "geometry": {
        "type": "Polygon",
        "coordinates": [
          [
            [
              101.4166413,
              2.8837802
            ],
            [
              101.4164083,
              2.8836934
            ],
            [
              101.4162934,
              2.8838626
            ],
            [
              101.416008,
              2.8839158
            ],
            [
              101.4163143,
              2.8835438
            ],
            [
              101.4160582,
              2.8838174
            ],
            [
              101.4163071,
              2.8837742
            ],
            [
              101.4153148,
              2.8836015
            ],
            [
              101.4155611,
              2.8837185
            ],
            [
              101.4153937,
              2.8836336
            ],
            [
              101.4146121,
              2.8836282
            ],
            [
              101.4146033,
              2.883911
            ],
            [
              101.4145338,
              2.8837732
            ],
            [
              101.4146891,
              2.8830699
            ],
            [
              101.4145892,
              2.8807869
            ],
            [
              101.4146941,
              2.8803822
            ],
            [
              101.4144515,
              2.8801047
            ],
            [
              101.4147045,
              2.8758015
            ],
            [
              101.414489,
              2.8758251
            ],
            [
              101.4136265,
              2.8758349
            ],
            [
              101.4155222,
              2.875967
            ],
            [
              101.4155124,
              2.8756591
            ],
            [
              101.4156779,
              2.8756019
            ],
            [
              101.4157247,
              2.8756028
            ],
            [
              101.4158362,
              2.8756233
            ],
            [
              101.4161039,
              2.8758962
            ],
            [
              101.4169316,
              2.8757664
            ],
            [
              101.4169709,
              2.8755614
            ],
            [
              101.4169763,
              2.8758318
            ],
            [
              101.4167336,
              2.875826
            ],
            [
              101.4170047,
              2.8757042
            ],
            [
              101.4168654,
              2.8759142
            ],
            [
              101.4168306,
              2.8756705
            ],
            [
              101.4168173,
              2.8758921
            ],
            [
              101.4170301,
              2.8757988
            ],
            [
              101.4172034,
              2.875847
            ],
            [
              101.4172139,
              2.8758869
            ],
            [
              101.4179391,
              2.8757234
            ],
            [
              101.4180434,
              2.8757982
            ],
            [
              101.4183346,
              2.875849
            ],
            [
              101.4182154,
              2.8756614
            ],
            [
              101.4185605,
              2.8757518
            ],
            [
              101.4184581,
              2.8757409
            ],
            [
              101.4184546,
              2.8757504
            ],
            [
              101.4187883,
              2.8756414
            ],
            [
              101.4190312,
              2.8755755
            ],
            [
              101.4194201,
              2.8757432
            ],
            [
              101.4201068,
              2.875689
            ],
            [
              101.4202687,
              2.8759781
            ],
            [
              101.4200535,
              2.8759266
            ],
            [
              101.4198916,
              2.8757812
            ],
            [
              101.4202614,
              2.8759626
            ],
            [
              101.4202268,
              2.8759988
            ],
            [
              101.4214872,
              2.8760122
            ],
            [
              101.4213997,
              2.8760314
            ],
            [
              101.4216573,
              2.8757157
            ],
            [
              101.4213313,
              2.8759791
            ],
            [
              101.4209394,
              2.8767999
            ],
            [
              101.4206404,
              2.877258
            ],
            [
              101.4209833,
              2.8770367
            ],
            [
              101.4208756,
              2.877199
            ],
            [
              101.4208963,
              2.8773628
            ],
            [
              101.419983,
              2.8784524
            ],
            [
              101.4200852,
              2.8782157
            ],
            [
              101.4196446,
              2.8793983
            ],
            [
              101.4196082,
              2.8792599
            ],
            [
              101.4192394,
              2.8796961
            ],
            [
              101.4191131,
              2.8802228
            ],
            [
              101.4185187,
              2.8810553
            ],
            [
              101.4186973,
              2.8811773
            ],
            [
              101.4174835,
              2.8828464
            ],
            [
              101.4173579,
              2.8827193
            ],
            [
              101.4173771,
              2.8830014
            ],
            [
              101.4173792,
              2.8828216
            ],
            [
              101.4170742,
              2.8832855
            ],
            [
              101.4168746,
              2.8833972
            ],
            [
              101.416837,
              2.8833986
            ],
            [
              101.4170086,
              2.8832659
            ],
            [
              101.4169159,
              2.8834274
            ],
            [
              101.4170276,
              2.8834317
            ],
            [
              101.4168314,
              2.883443
            ],
            [
              101.4168305,
              2.8835078
            ],
            [
              101.416534,
              2.8833721
            ],
            [
              101.4167959,
              2.883546
            ],
            [
              101.4165564,
              2.8837161
            ],
            [
              101.4166656,
              2.8835599
            ],
            [
              101.416552,
              2.8838478
            ],
            [
              101.4165298,
              2.8838927
            ]
          ]
        ]
      }
    },
    {
      "type": "Feature",
      "properties": {
        "field_gis": "P16B",
        "field_no": "2016B",
        "field_sem": "E0632016B",
        "estate": "Ldg Digital",
        "division": "DIVISION B",
        "field_type": "OP-MATURE",
        "ha_gis": 78.0664
      },
      "geometry": {
        "type": "Polygon",
        "coordinates": [
          [
            [
              101.4164693,
              2.885905
            ],
            [
              101.4166025,
              2.8858823
            ],
            [
              101.416894,
              2.886182
            ],
            [
              101.4168295,
              2.8869647
            ],
            [
              101.4166754,
              2.8883398
            ],
            [
              101.4168594,
              2.8883119
            ],
            [
              101.4167863,
              2.888091
            ],
            [
              101.416511,
              2.8883017
            ],
            [
              101.4167899,
              2.8886889
            ],
            [
              101.4164662,
              2.8888437
            ],
            [
              101.4162671,
              2.8891212
            ],
            [
              101.416373,
              2.8894732
            ],
            [
              101.4164129,
              2.8898357
            ],
            [
              101.4166361,
              2.8899984
            ],
            [
              101.4163447,
              2.8904809
            ],
            [
              101.4164317,
              2.8905279
            ],
            [
              101.4166646,
              2.8903489
            ],
            [
              101.4164715,
              2.8904496
            ],
            [
              101.416545,
              2.8908274
            ],
            [
              101.4164616,
              2.8909007
            ],
            [
              101.4167766,
              2.8911536
            ],
            [
              101.4167287,
              2.8913202
            ],
            [
              101.4168423,
              2.8911989
            ],
            [
              101.4166917,
              2.891344
            ],
            [
              101.4167554,
              2.8919881
            ],
            [
              101.4164664,
              2.8923972
            ],
            [
              101.4168034,
              2.8921166
            ],
            [
              101.4167812,
              2.8933017
            ],
            [
              101.4168349,
              2.8933747
            ],
            [
              101.4164884,
              2.8936128
            ],
            [
              101.4165554,
              2.8935098
            ],
            [
              101.4168253,
              2.89373
            ],
            [
              101.4164878,
              2.8936911
            ],
            [
              101.4163647,
              2.893718
            ],
            [
              101.4158628,
              2.8934664
            ],
            [
              101.4162057,
              2.8937959
            ],
            [
              101.4162331,
              2.8936409
            ],
            [
              101.4162141,
              2.8936648
            ],
            [
              101.4161587,
              2.8938051
            ],
            [
              101.4162719,
              2.8936902
            ],
            [
              101.4163803,
              2.8937788
            ],
            [
              101.4164156,
              2.8938144
            ],
            [
              101.416127,
              2.8939987
            ],
            [
              101.4161391,
              2.893688
            ],
            [
              101.416337,
              2.8939076
            ],
            [
              101.4163298,
              2.8940117
            ],
            [
              101.4164569,
              2.8938615
            ],
            [
              101.4162632,
              2.8939471
            ],
            [
              101.4163855,
              2.8941011
            ],
            [
              101.4165208,
              2.8939671
            ],
            [
              101.416411,
              2.8937578
            ],
            [
              101.4164195,
              2.8939369
            ],
            [
              101.4165256,
              2.8940601
            ],
            [
              101.416277,
              2.8939454
            ],
            [
              101.4164157,
              2.8939871
            ],
            [
              101.4163236,
              2.8938171
            ],
            [
              101.4166719,
              2.8941167
            ],
            [
              101.4166285,
              2.8941797
            ],
            [
              101.4165645,
              2.8939267
            ],
            [
              101.4165811,
              2.8940787
            ],
            [
              101.4168004,
              2.8939978
            ],
            [
              101.4167358,
              2.8939831
            ],
            [
              101.4163557,
              2.894178
            ],
            [
              101.4162977,
              2.8948895
            ],
            [
              101.4165957,
              2.8954466
            ],
            [
              101.4163469,
              2.8962929
            ],
            [
              101.416341,
              2.8968963
            ],
            [
              101.4166561,
              2.9002363
            ],
            [
              101.4165295,
              2.9001851
            ],
            [
              101.4166713,
              2.9001332
            ],
            [
              101.4164943,
              2.900206
            ],
            [
              101.4164683,
              2.9002171
            ],
            [
              101.4163701,
              2.9001638
            ],
            [
              101.416496,
              2.9004811
            ],
            [
              101.4166862,
              2.9002479
            ],
            [
              101.4165399,
              2.9002134
            ],
            [
              101.4164166,
              2.900491
            ],
            [
              101.4166666,
              2.9001702
            ],
            [
              101.4165492,
              2.9005748
            ],
            [
              101.4167026,
              2.9004528
            ],
            [
              101.4167428,
              2.9004241
            ],
            [
              101.4163663,
              2.9007255
            ],
            [
              101.4166328,
              2.9004626
            ],
            [
              101.416467,
              2.9003806
            ],
            [
              101.4164961,
              2.9005189
            ],
            [
              101.4165142,
              2.9005007
            ],
            [
              101.416635,
              2.9004528
            ],
            [
              101.4164833,
              2.9007783
            ],
            [
              101.4166231,
              2.9005351
            ],
            [
              101.41633,
              2.9008979
            ],
            [
              101.4164776,
              2.9005799
            ],
            [
              101.4163485,
              2.900798
            ],
            [
              101.4165798,
              2.9006581
            ],
            [
              101.4164335,
              2.9006807
            ],
            [
              101.4163952,
              2.9007256
            ],
            [
              101.4163666,
              2.9007342
            ],
            [
              101.4167449,
              2.9009343
            ],
            [
              101.4167408,
              2.9010465
            ],
            [
              101.4163766,
              2.9009421
            ],
            [
              101.416751,
              2.9009016
            ],
            [
              101.4164928,
              2.9011676
            ],
            [
              101.4166798,
              2.9011638
            ],
            [
              101.4164064,
              2.9012143
            ],
            [
              101.4165858,
              2.9011223
            ],
            [
              101.4164532,
              2.9012091
            ],
            [
              101.4163499,
              2.9012398
            ],
            [
              101.4165395,
              2.9013771
            ],
            [
              101.416745,
              2.9009603
            ],
            [
              101.4167611,
              2.9013733
            ],
            [
              101.4164509,
              2.9011299
            ],
            [
              101.4164669,
              2.9014165
            ],
            [
              101.4163762,
              2.9011823
            ],
            [
              101.4165247,
              2.9012488
            ],
            [
              101.416699,
              2.9014479
            ],
            [
              101.4163749,
              2.9013849
            ],
            [
              101.4166135,
              2.9014313
            ],
            [
              101.4164691,
              2.9015369
            ],
            [
              101.4164541,
              2.9013169
            ],
            [
              101.4165928,
              2.9014887
            ],
            [
              101.416474,
              2.9014936
            ],
            [
              101.4166987,
              2.9013679
            ],
            [
              101.416764,
              2.9015377
            ],
            [
              101.416478,
              2.9018064
            ],
            [
              101.4164335,
              2.9017126
            ],
            [
              101.4166527,
              2.9018886
            ],
            [
              101.4165566,
              2.9018086
            ],
            [
              101.4164705,
              2.9018494
            ],
            [
              101.4163999,
              2.901763
            ],
            [
              101.4163413,
              2.9014757
            ],
            [
              101.4160865,
              2.9017542
            ],
            [
              101.4160293,
              2.9015252
            ],
            [
              101.4156956,
              2.9017112
            ],
            [
              101.415036,
              2.9017931
            ],
            [
              101.4150529,
              2.9015288
            ],
            [
              101.4147996,
              2.9015139
            ],
            [
              101.4145675,
              2.9016596
            ],
            [
              101.4144603,
              2.9018262
            ],
            [
              101.414522,
              2.9017748
            ],
            [
              101.4144898,
              2.9018001
            ],
            [
              101.414199,
              2.9015818
            ],
            [
              101.4142043,
              2.9017931
            ],
            [
              101.4139261,
              2.901758
            ],
            [
              101.4137209,
              2.9016621
            ],
            [
              101.4133788,
              2.9017422
            ],
            [
              101.4135957,
              2.9016254
            ],
            [
              101.4135357,
              2.901699
            ],
            [
              101.4132187,
              2.9015024
            ],
            [
              101.4131834,
              2.9017401
            ],
            [
              101.4134161,
              2.901867
            ],
            [
              101.4133956,
              2.8985856
            ],
            [
              101.4133214,
              2.8986634
            ],
            [
              101.4133151,
              2.8937959
            ],
            [
              101.4136087,
              2.8934714
            ],
            [
              101.4133982,
              2.8937631
            ],
            [
              101.4136692,
              2.8857926
            ],
            [
              101.4137418,
              2.8856645
            ],
            [
              101.4136733,
              2.8854739
            ],
            [
              101.4144464,
              2.8858685
            ],
            [
              101.4143837,
              2.885586
            ],
            [
              101.4151858,
              2.8857265
            ],
            [
              101.4150355,
              2.8855325
            ],
            [
              101.4150827,
              2.8856739
            ],
            [
              101.4161282,
              2.8855665
            ],
            [
              101.4159548,
              2.8856491
            ],
            [
              101.4160843,
              2.885525
            ],
            [
              101.4161292,
              2.8856249
            ],
            [
              101.416133,
              2.8855376
            ],
            [
              101.4160281,
              2.8856415
            ],
            [
              101.4164279,
              2.885702
            ],
            [
              101.4165096,
              2.8858535
            ],
            [
              101.4165871,
              2.8857794
            ],
            [
              101.4165293,
              2.8858583
            ],
            [
              101.4164113,
              2.8857368
            ],
            [
              101.4162841,
              2.8858931
            ],
            [
              101.4167119,
              2.8859613
            ],
            [
              101.4164634,
              2.8857902
            ],
            [
              101.4166238,
              2.8858547
            ],
            [
              101.416482,
              2.8857914
            ],
            [
              101.4166424,
              2.8857789
            ],
            [
              101.4167719,
              2.8857044
            ],
            [
              101.416474,
              2.8859887
            ],
            [
              101.4164874,
              2.885767
            ],
            [
              101.416719,
              2.8860762
            ]
          ]
        ]
      }
    },
    {
      "type": "Feature",
      "properties": {
        "field_gis": "P17A",
        "field_no": "2017A",
        "field_sem": "E0632017A",
        "estate": "Ldg Digital",
        "division": "DIVISION B",
        "field_type": "OP-MATURE",
        "ha_gis": 102.815
      },
      "geometry": {
        "type": "Polygon",
        "coordinates": [
          [
            [
              101.393766,
              2.8840169
            ],
            [
              101.394087,
              2.8838063
            ],
            [
              101.3921413,
              2.8840138
            ],
            [
              101.3925574,
              2.884035
            ],
            [
              101.3915611,
              2.8838459
            ],
            [
              101.3916431,
              2.8836707
            ],
            [
              101.3909734,
              2.8838365
            ],
            [
              101.3900798,
              2.8837646
            ],
            [
              101.3890152,
              2.8839743
            ],
            [
              101.3886284,
              2.8840294
            ],
            [
              101.3860496,
              2.8839104
            ],
            [
              101.3858189,
              2.8838289
            ],
            [
              101.3860445,
              2.8758035
            ],
            [
              101.3869475,
              2.8755176
            ],
            [
              101.3882957,
              2.8757213
            ],
            [
              101.3888285,
              2.8755734
            ],
            [
              101.3899159,
              2.8757213
            ],
            [
              101.3916991,
              2.8757809
            ],
            [
              101.3938497,
              2.8759963
            ],
            [
              101.3939396,
              2.8757542
            ],
            [
              101.394053,
              2.8828889
            ],
            [
              101.3939672,
              2.8835693
            ],
            [
              101.3937436,
              2.8836626
            ],
            [
              101.3940168,
              2.8838377
            ]
          ]
        ]
      }
    },
    {
      "type": "Feature",
      "properties": {
        "field_gis": "P17B",
        "field_no": "2017B",
        "field_sem": "E0632017B",
        "estate": "Ldg Digital",
        "division": "DIVISION B",
        "field_type": "OP-MATURE",
        "ha_gis": 100.507
      },
      "geometry": {
        "type": "Polygon",
        "coordinates": [
          [
            [
              101.3939074,
              2.8930329
            ],
            [
              101.3937787,
              2.8931729
            ],
            [
              101.3928978,
              2.8927922
            ],
            [
              101.3927683,
              2.8930459
            ],
            [
              101.3922585,
              2.8930177
            ],
            [
              101.3921608,
              2.8931329
            ],
            [
              101.3925299,
              2.893012
            ],
            [
              101.3921431,
              2.893117
            ],
            [
              101.3920196,
              2.8928654
            ],
            [
              101.3918658,
              2.892916
            ],
            [
              101.3918686,
              2.8929857
            ],
            [
              101.3917413,
              2.8929696
            ],
            [
              101.3916265,
              2.8929629
            ],
            [
              101.3914455,
              2.8927764
            ],
            [
              101.3911909,
              2.892884
            ],
            [
              101.3910454,
              2.8929326
            ],
            [
              101.3910432,
              2.8927817
            ],
            [
              101.3900637,
              2.8931288
            ],
            [
              101.3897287,
              2.8928701
            ],
            [
              101.3896688,
              2.8929599
            ],
            [
              101.3899365,
              2.8928328
            ],
            [
              101.3896671,
              2.8928581
            ],
            [
              101.3895737,
              2.8930762
            ],
            [
              101.3891197,
              2.8927379
            ],
            [
              101.3884028,
              2.892879
            ],
            [
              101.3877989,
              2.8930936
            ],
            [
              101.3880162,
              2.8930873
            ],
            [
              101.3879856,
              2.8931359
            ],
            [
              101.3874005,
              2.8927607
            ],
            [
              101.3870989,
              2.8930179
            ],
            [
              101.3860679,
              2.8928417
            ],
            [
              101.3859887,
              2.8927593
            ],
            [
              101.3859406,
              2.8911298
            ],
            [
              101.3859475,
              2.8849955
            ],
            [
              101.3859246,
              2.885048
            ],
            [
              101.3884577,
              2.8848513
            ],
            [
              101.3891228,
              2.884788
            ],
            [
              101.3901085,
              2.8851302
            ],
            [
              101.3908968,
              2.8849864
            ],
            [
              101.3913332,
              2.8851653
            ],
            [
              101.391521,
              2.8848719
            ],
            [
              101.3921388,
              2.8848613
            ],
            [
              101.3924724,
              2.8850001
            ],
            [
              101.394061,
              2.8849431
            ],
            [
              101.3940393,
              2.8848749
            ],
            [
              101.3939485,
              2.8850535
            ],
            [
              101.3940417,
              2.8851458
            ],
            [
              101.3936889,
              2.8855084
            ],
            [
              101.3937727,
              2.8929169
            ],
            [
              101.3938265,
              2.8929367
            ],
            [
              101.3939976,
              2.8931319
            ]
          ]
        ]
      }
    },
    {
      "type": "Feature",
      "properties": {
        "field_gis": "P17C",
        "field_no": "2017C",
        "field_sem": "E0632017C",
        "estate": "Ldg Digital",
        "division": "DIVISION B",
        "field_type": "OP-MATURE",
        "ha_gis": 111.799
      },
      "geometry": {
        "type": "Polygon",
        "coordinates": [
          [
            [
              101.3989605,
              2.893673
            ],
            [
              101.3987008,
              2.8937725
            ],
            [
              101.3987516,
              2.8940009
            ],
            [
              101.3985146,
              2.8939367
            ],
            [
              101.3973582,
              2.8939998
            ],
            [
              101.3971084,
              2.8941551
            ],
            [
              101.3969733,
              2.8937723
            ],
            [
              101.3965903,
              2.8941155
            ],
            [
              101.3959436,
              2.8938461
            ],
            [
              101.3955203,
              2.894021
            ],
            [
              101.3953392,
              2.8940368
            ],
            [
              101.3952898,
              2.893783
            ],
            [
              101.3949825,
              2.8941113
            ],
            [
              101.3950173,
              2.8928967
            ],
            [
              101.3952188,
              2.8926833
            ],
            [
              101.395295,
              2.8855721
            ],
            [
              101.3951414,
              2.884937
            ],
            [
              101.3953139,
              2.8847723
            ],
            [
              101.3952688,
              2.8847898
            ],
            [
              101.3952622,
              2.884978
            ],
            [
              101.3973618,
              2.8851572
            ],
            [
              101.3984862,
              2.884902
            ],
            [
              101.3988476,
              2.8847597
            ],
            [
              101.3993258,
              2.8851777
            ],
            [
              101.3994129,
              2.8849959
            ],
            [
              101.4000096,
              2.8848148
            ],
            [
              101.4008235,
              2.8849026
            ],
            [
              101.4009299,
              2.8849529
            ],
            [
              101.4012892,
              2.8850862
            ],
            [
              101.4016024,
              2.8848447
            ],
            [
              101.4014895,
              2.8848429
            ],
            [
              101.4032587,
              2.8852082
            ],
            [
              101.4030897,
              2.8850554
            ],
            [
              101.4029614,
              2.8853267
            ],
            [
              101.4032501,
              2.8854456
            ],
            [
              101.4028844,
              2.8854557
            ],
            [
              101.4028804,
              2.8863864
            ],
            [
              101.4031845,
              2.8866207
            ],
            [
              101.4035382,
              2.8866271
            ],
            [
              101.4035516,
              2.8867343
            ],
            [
              101.403753,
              2.8864515
            ],
            [
              101.4035173,
              2.8867683
            ],
            [
              101.4036701,
              2.8885157
            ],
            [
              101.4038108,
              2.8885659
            ],
            [
              101.4038075,
              2.8883983
            ],
            [
              101.4036952,
              2.8889712
            ],
            [
              101.4035551,
              2.8888136
            ],
            [
              101.4035372,
              2.8887956
            ],
            [
              101.4038366,
              2.8891681
            ],
            [
              101.4037343,
              2.88958
            ],
            [
              101.4035228,
              2.8898111
            ],
            [
              101.4035368,
              2.8900451
            ],
            [
              101.4037472,
              2.8903453
            ],
            [
              101.4034629,
              2.8902245
            ],
            [
              101.4037076,
              2.8905968
            ],
            [
              101.4037285,
              2.8906183
            ],
            [
              101.403622,
              2.8906908
            ],
            [
              101.4036934,
              2.8908378
            ],
            [
              101.403835,
              2.891056
            ],
            [
              101.4036976,
              2.8910265
            ],
            [
              101.4034412,
              2.8915684
            ],
            [
              101.4036287,
              2.8915105
            ],
            [
              101.4031104,
              2.8912198
            ],
            [
              101.4029631,
              2.8917773
            ],
            [
              101.4037839,
              2.8917592
            ],
            [
              101.4037118,
              2.8921471
            ],
            [
              101.4034824,
              2.8926841
            ],
            [
              101.4035097,
              2.8928411
            ],
            [
              101.4036541,
              2.8928794
            ],
            [
              101.4035833,
              2.8931725
            ],
            [
              101.4034726,
              2.8930774
            ],
            [
              101.4033431,
              2.893231
            ],
            [
              101.4035411,
              2.8930943
            ],
            [
              101.4036172,
              2.8928397
            ],
            [
              101.402653,
              2.8928019
            ],
            [
              101.4022845,
              2.892965
            ],
            [
              101.4018921,
              2.8932058
            ],
            [
              101.4013493,
              2.8928277
            ],
            [
              101.4013783,
              2.8927691
            ],
            [
              101.4012397,
              2.8929697
            ],
            [
              101.401197,
              2.8927717
            ],
            [
              101.4009701,
              2.8928924
            ],
            [
              101.4004925,
              2.892864
            ],
            [
              101.4007123,
              2.893136
            ],
            [
              101.4006898,
              2.8929917
            ],
            [
              101.4003253,
              2.8928552
            ],
            [
              101.3997648,
              2.8931893
            ],
            [
              101.399764,
              2.8931168
            ],
            [
              101.3995543,
              2.8927512
            ],
            [
              101.3986439,
              2.8931041
            ],
            [
              101.3987508,
              2.893134
            ],
            [
              101.3989436,
              2.8936204
            ]
          ]
        ]
      }
    },
    {
      "type": "Feature",
      "properties": {
        "field_gis": "P18A",
        "field_no": "2018A",
        "field_sem": "E0632018A",
        "estate": "Ldg Digital",
        "division": "DIVISION B",
        "field_type": "OP-MATURE",
        "ha_gis": 104.538
      },
      "geometry": {
        "type": "Polygon",
        "coordinates": [
          [
            [
              101.41159,
              2.8838911
            ],
            [
              101.4113055,
              2.8839488
            ],
            [
              101.411068,
              2.8838744
            ],
            [
              101.4102634,
              2.8837804
            ],
            [
              101.4102368,
              2.8840162
            ],
            [
              101.4095054,
              2.8840659
            ],
            [
              101.40841,
              2.884047
            ],
            [
              101.4087084,
              2.8839433
            ],
            [
              101.408276,
              2.8837939
            ],
            [
              101.4075108,
              2.8840928
            ],
            [
              101.4077714,
              2.8838955
            ],
            [
              101.4076486,
              2.8839474
            ],
            [
              101.407785,
              2.8837379
            ],
            [
              101.4074571,
              2.8837156
            ],
            [
              101.4069457,
              2.8840411
            ],
            [
              101.4062582,
              2.8839965
            ],
            [
              101.4063641,
              2.883778
            ],
            [
              101.4059752,
              2.8837708
            ],
            [
              101.405728,
              2.8841274
            ],
            [
              101.4052779,
              2.8839868
            ],
            [
              101.4052799,
              2.8836943
            ],
            [
              101.4049753,
              2.8837425
            ],
            [
              101.4048828,
              2.8836899
            ],
            [
              101.4043972,
              2.8837963
            ],
            [
              101.4043859,
              2.8838969
            ],
            [
              101.4044873,
              2.8839293
            ],
            [
              101.4043462,
              2.8837337
            ],
            [
              101.4041604,
              2.8837396
            ],
            [
              101.4042478,
              2.8832101
            ],
            [
              101.4045074,
              2.8830454
            ],
            [
              101.4044671,
              2.8832259
            ],
            [
              101.404506,
              2.8830046
            ],
            [
              101.404228,
              2.882878
            ],
            [
              101.4044361,
              2.8828826
            ],
            [
              101.4044267,
              2.8828651
            ],
            [
              101.4045115,
              2.8825263
            ],
            [
              101.4041944,
              2.8825249
            ],
            [
              101.4042238,
              2.8827039
            ],
            [
              101.4045322,
              2.88223
            ],
            [
              101.4045562,
              2.8820077
            ],
            [
              101.4045173,
              2.8815741
            ],
            [
              101.4043267,
              2.8814955
            ],
            [
              101.4045325,
              2.8816547
            ],
            [
              101.4044346,
              2.8811225
            ],
            [
              101.404332,
              2.8811677
            ],
            [
              101.4045313,
              2.8810044
            ],
            [
              101.4045383,
              2.880377
            ],
            [
              101.4042737,
              2.8757623
            ],
            [
              101.4044655,
              2.8759891
            ],
            [
              101.40427,
              2.8760029
            ],
            [
              101.4062844,
              2.8760485
            ],
            [
              101.4070102,
              2.8757345
            ],
            [
              101.4066913,
              2.876026
            ],
            [
              101.4072038,
              2.8760224
            ],
            [
              101.4073857,
              2.8758204
            ],
            [
              101.4071904,
              2.8758552
            ],
            [
              101.4075238,
              2.8757784
            ],
            [
              101.4079586,
              2.8757783
            ],
            [
              101.4087116,
              2.8758181
            ],
            [
              101.4084239,
              2.8757386
            ],
            [
              101.4088031,
              2.8759672
            ],
            [
              101.4090585,
              2.8760094
            ],
            [
              101.4089981,
              2.875877
            ],
            [
              101.4092422,
              2.8761158
            ],
            [
              101.4093969,
              2.8757699
            ],
            [
              101.4094719,
              2.8759533
            ],
            [
              101.409997,
              2.8760943
            ],
            [
              101.4099523,
              2.8757283
            ],
            [
              101.4126978,
              2.8760953
            ],
            [
              101.412653,
              2.8761433
            ],
            [
              101.4126869,
              2.883018
            ],
            [
              101.4124454,
              2.8838405
            ],
            [
              101.4118509,
              2.8837538
            ]
          ]
        ]
      }
    },
    {
      "type": "Feature",
      "properties": {
        "field_gis": "P18B",
        "field_no": "2018B",
        "field_sem": "E0632018B",
        "estate": "Ldg Digital",
        "division": "DIVISION B",
        "field_type": "OP-MATURE",
        "ha_gis": 55.0708
      },
      "geometry": {
        "type": "Polygon",
        "coordinates": [
          [
            [
              101.4042013,
              2.9027035
            ],
            [
              101.4040576,
              2.9028058
            ],
            [
              101.4038873,
              2.9026538
            ],
            [
              101.4041021,
              2.9026032
            ],
            [
              101.4041462,
              2.9023312
            ],
            [
              101.4042465,
              2.9023372
            ],
            [
              101.404194,
              2.9021604
            ],
            [
              101.4041068,
              2.9025117
            ],
            [
              101.40421,
              2.9021975
            ],
            [
              101.4042077,
              2.9024501
            ],
            [
              101.4039575,
              2.9022414
            ],
            [
              101.4039895,
              2.9019834
            ],
            [
              101.4040805,
              2.9018388
            ],
            [
              101.4040424,
              2.9021285
            ],
            [
              101.4039937,
              2.9019692
            ],
            [
              101.4036588,
              2.9022733
            ],
            [
              101.4038603,
              2.9020963
            ],
            [
              101.4039697,
              2.9022593
            ],
            [
              101.4039169,
              2.9022864
            ],
            [
              101.4036045,
              2.9022516
            ],
            [
              101.4036524,
              2.9020801
            ],
            [
              101.4039508,
              2.9025001
            ],
            [
              101.4038131,
              2.9025465
            ],
            [
              101.4036922,
              2.9024147
            ],
            [
              101.403484,
              2.9022709
            ],
            [
              101.4033358,
              2.9023864
            ],
            [
              101.403306,
              2.9022995
            ],
            [
              101.4030724,
              2.9024903
            ],
            [
              101.4030756,
              2.9023066
            ],
            [
              101.4028456,
              2.9023111
            ],
            [
              101.4026108,
              2.9022421
            ],
            [
              101.4023638,
              2.9022501
            ],
            [
              101.4023689,
              2.9021732
            ],
            [
              101.4018637,
              2.9024482
            ],
            [
              101.401833,
              2.9024948
            ],
            [
              101.4018609,
              2.9023751
            ],
            [
              101.4018976,
              2.9024017
            ],
            [
              101.4017826,
              2.9022557
            ],
            [
              101.4017549,
              2.9025497
            ],
            [
              101.40197,
              2.9024869
            ],
            [
              101.4016742,
              2.9023243
            ],
            [
              101.4018731,
              2.902019
            ],
            [
              101.4019281,
              2.9022153
            ],
            [
              101.4015426,
              2.901907
            ],
            [
              101.4014777,
              2.9020307
            ],
            [
              101.401595,
              2.9014559
            ],
            [
              101.4014562,
              2.9013993
            ],
            [
              101.4012599,
              2.9013637
            ],
            [
              101.4011959,
              2.900967
            ],
            [
              101.4010119,
              2.9005
            ],
            [
              101.4009709,
              2.9007561
            ],
            [
              101.4007137,
              2.9006222
            ],
            [
              101.401055,
              2.9006675
            ],
            [
              101.4007658,
              2.9005182
            ],
            [
              101.400774,
              2.9005049
            ],
            [
              101.4005918,
              2.9006571
            ],
            [
              101.4005978,
              2.9000238
            ],
            [
              101.400301,
              2.8993506
            ],
            [
              101.3999166,
              2.899401
            ],
            [
              101.4000816,
              2.8991326
            ],
            [
              101.4003516,
              2.899087
            ],
            [
              101.4008256,
              2.8992532
            ],
            [
              101.4020459,
              2.8991445
            ],
            [
              101.4025718,
              2.8990559
            ],
            [
              101.4023736,
              2.8990376
            ],
            [
              101.4033292,
              2.8991316
            ],
            [
              101.4031163,
              2.899175
            ],
            [
              101.403239,
              2.8990666
            ],
            [
              101.4041648,
              2.8987001
            ],
            [
              101.4041623,
              2.898683
            ],
            [
              101.4042671,
              2.8986318
            ],
            [
              101.4041779,
              2.8989591
            ],
            [
              101.4039336,
              2.8990442
            ],
            [
              101.4040315,
              2.8992426
            ],
            [
              101.403974,
              2.8990879
            ],
            [
              101.4057973,
              2.8994044
            ],
            [
              101.4056465,
              2.8993599
            ],
            [
              101.4067992,
              2.8994164
            ],
            [
              101.4072055,
              2.8992122
            ],
            [
              101.4079892,
              2.8994588
            ],
            [
              101.4091235,
              2.899234
            ],
            [
              101.4101244,
              2.8992699
            ],
            [
              101.4105093,
              2.899384
            ],
            [
              101.4118589,
              2.8991075
            ],
            [
              101.4120932,
              2.89946
            ],
            [
              101.4119943,
              2.9022467
            ],
            [
              101.4120122,
              2.9025918
            ],
            [
              101.4118205,
              2.9025684
            ],
            [
              101.4119101,
              2.9022709
            ],
            [
              101.4119362,
              2.9024857
            ],
            [
              101.4115896,
              2.902213
            ],
            [
              101.4114237,
              2.9023676
            ],
            [
              101.4112221,
              2.9024215
            ],
            [
              101.4110273,
              2.9025598
            ],
            [
              101.4107057,
              2.9023803
            ],
            [
              101.4104886,
              2.9022778
            ],
            [
              101.4104275,
              2.9022249
            ],
            [
              101.4101357,
              2.9025628
            ],
            [
              101.4101849,
              2.9022651
            ],
            [
              101.4103224,
              2.9024628
            ],
            [
              101.4100549,
              2.9024767
            ],
            [
              101.4102013,
              2.90242
            ],
            [
              101.4102635,
              2.9025855
            ],
            [
              101.4080454,
              2.902487
            ],
            [
              101.4081683,
              2.9024192
            ],
            [
              101.4076731,
              2.9025376
            ],
            [
              101.4067374,
              2.9024493
            ],
            [
              101.4060881,
              2.9025452
            ],
            [
              101.4058295,
              2.9025179
            ],
            [
              101.4048097,
              2.9023045
            ],
            [
              101.4047276,
              2.9027836
            ],
            [
              101.4041708,
              2.9028705
            ]
          ]
        ]
      }
    },
    {
      "type": "Feature",
      "properties": {
        "field_gis": "P19A",
        "field_no": "2019A",
        "field_sem": "E0632019A",
        "estate": "Ldg Digital",
        "division": "DIVISION B",
        "field_type": "OP-MATURE",
        "ha_gis": 49.3546
      },
      "geometry": {
        "type": "Polygon",
        "coordinates": [
          [
            [
              101.3977318,
              2.8758517
            ],
            [
              101.3985764,
              2.8757792
            ],
            [
              101.398623,
              2.8759467
            ],
            [
              101.3986421,
              2.8782403
            ],
            [
              101.3984099,
              2.8812377
            ],
            [
              101.3985562,
              2.8838854
            ],
            [
              101.397611,
              2.8838299
            ],
            [
              101.396884,
              2.8836299
            ],
            [
              101.3946099,
              2.8836622
            ],
            [
              101.3947439,
              2.8837286
            ],
            [
              101.3947543,
              2.8835769
            ],
            [
              101.3946857,
              2.8832714
            ],
            [
              101.3946321,
              2.8829551
            ],
            [
              101.3945713,
              2.8758937
            ],
            [
              101.3949538,
              2.875473
            ],
            [
              101.3977355,
              2.8755586
            ]
          ]
        ]
      }
    },
    {
      "type": "Feature",
      "properties": {
        "field_gis": "P19B",
        "field_no": "2019B",
        "field_sem": "E0632019B",
        "estate": "Ldg Digital",
        "division": "DIVISION B",
        "field_type": "OP-MATURE",
        "ha_gis": 50.8662
      },
      "geometry": {
        "type": "MultiPolygon",
        "coordinates": [
          [
            [
              [
                101.4016994,
                2.8817444
              ],
              [
                101.4015588,
                2.882758
              ],
              [
                101.40165,
                2.8838037
              ],
              [
                101.4014987,
                2.8841922
              ],
              [
                101.4015236,
                2.8841016
              ],
              [
                101.401563,
                2.8840516
              ],
              [
                101.4009789,
                2.8840678
              ],
              [
                101.4007142,
                2.8838984
              ],
              [
                101.3998475,
                2.8838581
              ],
              [
                101.3997788,
                2.8839031
              ],
              [
                101.3995986,
                2.8838174
              ],
              [
                101.3990353,
                2.8839198
              ],
              [
                101.3991721,
                2.8814969
              ],
              [
                101.3991916,
                2.8787452
              ],
              [
                101.3993041,
                2.8761361
              ],
              [
                101.3992087,
                2.8759502
              ],
              [
                101.3997932,
                2.8758401
              ],
              [
                101.4006096,
                2.8760477
              ],
              [
                101.4009551,
                2.8757724
              ],
              [
                101.401695,
                2.8761063
              ],
              [
                101.4036058,
                2.875954
              ],
              [
                101.4037244,
                2.8760674
              ],
              [
                101.403664,
                2.8761377
              ],
              [
                101.4036634,
                2.8805025
              ],
              [
                101.4037317,
                2.8812229
              ],
              [
                101.403796,
                2.8812426
              ],
              [
                101.4035795,
                2.8811285
              ],
              [
                101.4031302,
                2.881179
              ],
              [
                101.4031792,
                2.8815915
              ],
              [
                101.4021573,
                2.8816525
              ],
              [
                101.4018683,
                2.881816
              ],
              [
                101.4016066,
                2.8818314
              ],
              [
                101.4017599,
                2.881497
              ],
              [
                101.4018093,
                2.8816982
              ],
              [
                101.4013528,
                2.8816906
              ],
              [
                101.4014199,
                2.8817525
              ]
            ]
          ],
          [
            [
              [
                101.4037101,
                2.8840866
              ],
              [
                101.4039063,
                2.8841824
              ],
              [
                101.4030217,
                2.884144
              ],
              [
                101.4018614,
                2.8838821
              ],
              [
                101.4017591,
                2.8839907
              ],
              [
                101.4017609,
                2.8838997
              ],
              [
                101.4018889,
                2.8837215
              ],
              [
                101.4016182,
                2.883735
              ],
              [
                101.4018402,
                2.8836872
              ],
              [
                101.4017253,
                2.8839196
              ],
              [
                101.401831,
                2.8833908
              ],
              [
                101.4017638,
                2.8837184
              ],
              [
                101.401487,
                2.8836283
              ],
              [
                101.4015394,
                2.8833695
              ],
              [
                101.4018984,
                2.8834981
              ],
              [
                101.4018322,
                2.8833729
              ],
              [
                101.4021678,
                2.8837208
              ],
              [
                101.4020519,
                2.883556
              ],
              [
                101.4023099,
                2.8834164
              ],
              [
                101.4026931,
                2.883754
              ],
              [
                101.4032001,
                2.8834765
              ],
              [
                101.4031515,
                2.8834625
              ],
              [
                101.4034616,
                2.883517
              ],
              [
                101.4034652,
                2.883597
              ],
              [
                101.4037303,
                2.8835513
              ],
              [
                101.4037567,
                2.8835923
              ],
              [
                101.403876,
                2.8834736
              ],
              [
                101.4036772,
                2.8836278
              ],
              [
                101.4035746,
                2.8837293
              ],
              [
                101.4038031,
                2.884056
              ],
              [
                101.4035851,
                2.8838602
              ]
            ]
          ]
        ]
      }
    },
    {
      "type": "Feature",
      "properties": {
        "field_gis": "P23D",
        "field_no": "2023D",
        "field_sem": "E0632023D",
        "estate": "Ldg Digital",
        "division": "DIVISION B",
        "field_type": "OP-IMMATURE - REPLANT",
        "ha_gis": 11.929
      },
      "geometry": {
        "type": "Polygon",
        "coordinates": [
          [
            [
              101.4198532,
              2.8655042
            ],
            [
              101.4200684,
              2.8661665
            ],
            [
              101.4200589,
              2.8663568
            ],
            [
              101.4201419,
              2.8667393
            ],
            [
              101.4201618,
              2.8666293
            ],
            [
              101.4189131,
              2.8666581
            ],
            [
              101.4184992,
              2.8665378
            ],
            [
              101.4183831,
              2.8666638
            ],
            [
              101.4184864,
              2.8664507
            ],
            [
              101.4185167,
              2.866531
            ],
            [
              101.4184095,
              2.8663778
            ],
            [
              101.4181767,
              2.8664758
            ],
            [
              101.4176688,
              2.8661935
            ],
            [
              101.4180215,
              2.8663611
            ],
            [
              101.4176801,
              2.8665855
            ],
            [
              101.4180419,
              2.8661701
            ],
            [
              101.4176912,
              2.8659292
            ],
            [
              101.4176572,
              2.8657385
            ],
            [
              101.4176476,
              2.8657313
            ],
            [
              101.4175976,
              2.8655212
            ],
            [
              101.417788,
              2.8658106
            ],
            [
              101.4176774,
              2.8657653
            ],
            [
              101.4178155,
              2.8654507
            ],
            [
              101.4174674,
              2.8656025
            ],
            [
              101.4177243,
              2.8653383
            ],
            [
              101.4175693,
              2.8655803
            ],
            [
              101.4174718,
              2.8652459
            ],
            [
              101.4174869,
              2.8656602
            ],
            [
              101.4170934,
              2.865641
            ],
            [
              101.4171099,
              2.8657786
            ],
            [
              101.4168232,
              2.8654558
            ],
            [
              101.4171056,
              2.8655946
            ],
            [
              101.4170176,
              2.8656119
            ],
            [
              101.4166905,
              2.8657626
            ],
            [
              101.4164993,
              2.8657339
            ],
            [
              101.4166691,
              2.865725
            ],
            [
              101.4163833,
              2.8659086
            ],
            [
              101.4166787,
              2.8661114
            ],
            [
              101.4171167,
              2.8663872
            ],
            [
              101.4168119,
              2.8664348
            ],
            [
              101.4164636,
              2.8664965
            ],
            [
              101.415008,
              2.8665197
            ],
            [
              101.4149855,
              2.8663398
            ],
            [
              101.4151315,
              2.865892
            ],
            [
              101.4152981,
              2.8657756
            ],
            [
              101.4151127,
              2.8658627
            ],
            [
              101.4152034,
              2.8654524
            ],
            [
              101.41507,
              2.8654619
            ],
            [
              101.4151923,
              2.8654258
            ],
            [
              101.4151054,
              2.865479
            ],
            [
              101.4153088,
              2.8653165
            ],
            [
              101.4150349,
              2.8650914
            ],
            [
              101.4153523,
              2.8647919
            ],
            [
              101.4153515,
              2.8645723
            ],
            [
              101.4152334,
              2.8646189
            ],
            [
              101.4152416,
              2.8643827
            ],
            [
              101.4151998,
              2.8643192
            ],
            [
              101.4158116,
              2.8646953
            ],
            [
              101.4167122,
              2.8644023
            ],
            [
              101.4177528,
              2.8646726
            ],
            [
              101.4177364,
              2.864412
            ],
            [
              101.4177807,
              2.8642643
            ],
            [
              101.4180077,
              2.8644625
            ],
            [
              101.4151327,
              2.8645693
            ],
            [
              101.4152137,
              2.864269
            ],
            [
              101.4152343,
              2.8643201
            ],
            [
              101.4161865,
              2.8642124
            ],
            [
              101.416916,
              2.8642982
            ],
            [
              101.4168091,
              2.8644512
            ],
            [
              101.4173274,
              2.8642126
            ],
            [
              101.4173375,
              2.8643766
            ],
            [
              101.41782,
              2.8644063
            ],
            [
              101.4178773,
              2.8642382
            ],
            [
              101.417893,
              2.8642789
            ],
            [
              101.4181956,
              2.8647629
            ],
            [
              101.4183763,
              2.8649099
            ],
            [
              101.4181985,
              2.8649272
            ],
            [
              101.4186948,
              2.864927
            ],
            [
              101.4187892,
              2.8649966
            ],
            [
              101.418603,
              2.8648101
            ],
            [
              101.4188581,
              2.8650926
            ],
            [
              101.4192034,
              2.865406
            ],
            [
              101.4188615,
              2.8653312
            ],
            [
              101.4192575,
              2.8654557
            ],
            [
              101.4190041,
              2.8656917
            ],
            [
              101.4197354,
              2.8647012
            ],
            [
              101.4197922,
              2.864588
            ],
            [
              101.4197149,
              2.8647503
            ],
            [
              101.4197822,
              2.8647161
            ],
            [
              101.4201198,
              2.8646668
            ],
            [
              101.419755,
              2.8644374
            ],
            [
              101.4199986,
              2.8646381
            ],
            [
              101.4198247,
              2.8648573
            ],
            [
              101.4201143,
              2.864459
            ],
            [
              101.4201259,
              2.8646803
            ],
            [
              101.4201977,
              2.8648192
            ],
            [
              101.4199342,
              2.8647555
            ],
            [
              101.4200716,
              2.8656644
            ]
          ]
        ]
      }
    },
    {
      "type": "Feature",
      "properties": {
        "field_gis": "P24A",
        "field_no": "2024A",
        "field_sem": "E0632024A",
        "estate": "Ldg Digital",
        "division": "DIVISION B",
        "field_type": "OP-IMMATURE - REPLANT",
        "ha_gis": 73.8392
      },
      "geometry": {
        "type": "MultiPolygon",
        "coordinates": [
          [
            [
              [
                101.4073383,
                2.8869086
              ],
              [
                101.4077104,
                2.8898414
              ],
              [
                101.4074381,
                2.8916043
              ],
              [
                101.4076361,
                2.8917622
              ],
              [
                101.4057824,
                2.8918529
              ],
              [
                101.4045973,
                2.8916346
              ],
              [
                101.4045209,
                2.8918795
              ],
              [
                101.4042418,
                2.8916832
              ],
              [
                101.4044475,
                2.8918932
              ],
              [
                101.4043718,
                2.8916525
              ],
              [
                101.404355,
                2.8915459
              ],
              [
                101.4044562,
                2.8918837
              ],
              [
                101.4042368,
                2.8919683
              ],
              [
                101.4042543,
                2.8919369
              ],
              [
                101.4043015,
                2.8918512
              ],
              [
                101.4041187,
                2.8918226
              ],
              [
                101.4042812,
                2.8915267
              ],
              [
                101.4040384,
                2.891765
              ],
              [
                101.4041575,
                2.8917831
              ],
              [
                101.4040901,
                2.8917451
              ],
              [
                101.4041155,
                2.8918158
              ],
              [
                101.4041538,
                2.8914761
              ],
              [
                101.4041505,
                2.891303
              ],
              [
                101.4044348,
                2.8910668
              ],
              [
                101.4041503,
                2.8914749
              ],
              [
                101.4043644,
                2.8909736
              ],
              [
                101.4043423,
                2.8912049
              ],
              [
                101.4042385,
                2.8908104
              ],
              [
                101.4040648,
                2.8905151
              ],
              [
                101.4042758,
                2.8906788
              ],
              [
                101.4041259,
                2.8903307
              ],
              [
                101.4042462,
                2.8900492
              ],
              [
                101.4040977,
                2.8897453
              ],
              [
                101.4044138,
                2.8891612
              ],
              [
                101.404403,
                2.8892964
              ],
              [
                101.404358,
                2.8891677
              ],
              [
                101.4044279,
                2.8892218
              ],
              [
                101.4041391,
                2.8886462
              ],
              [
                101.4044385,
                2.8889352
              ],
              [
                101.4041529,
                2.8887191
              ],
              [
                101.404428,
                2.8870022
              ],
              [
                101.4041727,
                2.8867929
              ],
              [
                101.4044627,
                2.8858159
              ],
              [
                101.4041766,
                2.8858622
              ],
              [
                101.4040555,
                2.885899
              ],
              [
                101.4043376,
                2.8859709
              ],
              [
                101.4041972,
                2.8857627
              ],
              [
                101.4036178,
                2.8856081
              ],
              [
                101.4038712,
                2.8851352
              ],
              [
                101.4039187,
                2.885256
              ],
              [
                101.4042062,
                2.8852875
              ],
              [
                101.4040467,
                2.8851815
              ],
              [
                101.4041943,
                2.8856629
              ],
              [
                101.4042022,
                2.8854322
              ],
              [
                101.4040992,
                2.8856661
              ],
              [
                101.4043506,
                2.8854467
              ],
              [
                101.4044734,
                2.8855025
              ],
              [
                101.4047657,
                2.8854411
              ],
              [
                101.4046654,
                2.8855279
              ],
              [
                101.4047867,
                2.8851338
              ],
              [
                101.4046253,
                2.8851402
              ],
              [
                101.4049106,
                2.8852681
              ],
              [
                101.4049973,
                2.8852895
              ],
              [
                101.4055736,
                2.885387
              ],
              [
                101.4060745,
                2.885206
              ],
              [
                101.4062652,
                2.8853118
              ],
              [
                101.405992,
                2.8853821
              ],
              [
                101.4066955,
                2.8852773
              ],
              [
                101.4076497,
                2.8854789
              ],
              [
                101.4073735,
                2.8854829
              ],
              [
                101.4074168,
                2.8852197
              ],
              [
                101.4076564,
                2.8854208
              ],
              [
                101.407428,
                2.8851812
              ],
              [
                101.4076964,
                2.8852517
              ],
              [
                101.4077745,
                2.8870509
              ],
              [
                101.4073849,
                2.8872533
              ]
            ]
          ],
          [
            [
              [
                101.4099882,
                2.9045453
              ],
              [
                101.4081799,
                2.9043448
              ],
              [
                101.4058487,
                2.9044838
              ],
              [
                101.405173,
                2.9045635
              ],
              [
                101.4041846,
                2.9046719
              ],
              [
                101.4043652,
                2.902082
              ],
              [
                101.4041707,
                2.9016049
              ],
              [
                101.4042455,
                2.901696
              ],
              [
                101.4048954,
                2.9018796
              ],
              [
                101.4049453,
                2.901432
              ],
              [
                101.4057231,
                2.9014522
              ],
              [
                101.4061404,
                2.901403
              ],
              [
                101.4067732,
                2.9011798
              ],
              [
                101.4075811,
                2.901207
              ],
              [
                101.408417,
                2.9012201
              ],
              [
                101.4084122,
                2.9012993
              ],
              [
                101.4101618,
                2.9014304
              ],
              [
                101.4101265,
                2.9013007
              ],
              [
                101.4101059,
                2.9014795
              ],
              [
                101.4103659,
                2.9014747
              ],
              [
                101.4103315,
                2.9014028
              ],
              [
                101.4105718,
                2.9013041
              ],
              [
                101.4106604,
                2.9013982
              ],
              [
                101.4105774,
                2.9014202
              ],
              [
                101.4108703,
                2.9014731
              ],
              [
                101.4111617,
                2.9011311
              ],
              [
                101.4116475,
                2.9015246
              ],
              [
                101.4117534,
                2.9011553
              ],
              [
                101.412006,
                2.9012619
              ],
              [
                101.4118785,
                2.9011818
              ],
              [
                101.4122389,
                2.9014651
              ],
              [
                101.4121306,
                2.9011438
              ],
              [
                101.4120939,
                2.9045369
              ],
              [
                101.4096857,
                2.9046298
              ]
            ]
          ]
        ]
      }
    }
  ]
}
